frame_id,0,1,2,3,4,5,6,7,8,9,10,11,12,13,14,15,16,17,18,19,20,21,22,23,24,25,26,27,28,29,30,31,32,33,34,35,36
0,0.47772476,0.18486501,0.30807784,0.93559086,0.40484482,0.35200977,0.36708817,0.4034474,0.37329057,0.2557463,0.26378635,0.293694,0.4023091,0.38277075,0.39075965,0.20478256,0.43819028,0.40080342,0.35598934,0.35315612,0.3512464,0.170376,0.38511792,0.35456607,0.29675597,0.31661993,0.23559958,0.24890706,0.4045335,0.23785941,0.308211,0.27468938,0.41447034,0.36745372,0.25578597,0.35929233,0.36094174
1,0.463335,0.17720342,0.29252458,0.94568694,0.3978101,0.34330213,0.35355523,0.39241982,0.36688614,0.24457853,0.25602055,0.28708372,0.38756096,0.38201305,0.37934014,0.19449596,0.4333264,0.3856592,0.3401629,0.3470013,0.3269738,0.16029705,0.37532914,0.3458794,0.28329957,0.29958048,0.21914281,0.24183679,0.40077344,0.21662574,0.30320832,0.2706904,0.4085297,0.36334765,0.250031,0.34147406,0.3581253
2,0.48067448,0.18953368,0.3042482,0.941617,0.41191185,0.35126814,0.36054102,0.40892148,0.36223876,0.26074532,0.264868,0.28926128,0.39615816,0.37491977,0.38366044,0.20293073,0.42784098,0.39011607,0.36038932,0.35194165,0.3473145,0.16949038,0.38249874,0.3593548,0.30591276,0.30859908,0.22097805,0.25075614,0.4114077,0.228787,0.308476,0.26386556,0.40928546,0.36518386,0.25238296,0.34867385,0.35324994
3,0.46349782,0.18389037,0.30074102,0.94363546,0.40185657,0.3620435,0.35947198,0.4138528,0.3577909,0.25888717,0.25408193,0.28164986,0.39285105,0.366206,0.37932408,0.19572207,0.42340916,0.3847392,0.35247612,0.34118202,0.3543637,0.16120267,0.38806432,0.35822248,0.29506516,0.29839665,0.2285402,0.25112912,0.4065371,0.23467085,0.30555794,0.27313054,0.40679264,0.35771093,0.2500494,0.34365016,0.34790546
4,0.4666567,0.17565404,0.30488795,0.9497682,0.3954017,0.35137686,0.3502881,0.41606775,0.35036388,0.264721,0.25811505,0.28646597,0.38637328,0.35817713,0.37377453,0.19596572,0.43208602,0.37897587,0.33684894,0.32902598,0.34135625,0.15413757,0.37050253,0.34228697,0.29051182,0.2863046,0.21286733,0.24163777,0.3941458,0.21933536,0.31832525,0.28088573,0.39627442,0.3482978,0.24168667,0.3317263,0.3502207
5,0.46752155,0.17126274,0.30882782,0.9521246,0.40380582,0.34084463,0.34215772,0.40273362,0.35658,0.25263357,0.25244465,0.30059507,0.39214137,0.3612156,0.3848145,0.19594863,0.42770806,0.38399622,0.3428092,0.33511543,0.3267995,0.15475169,0.37672964,0.3285838,0.29006568,0.29113737,0.21320117,0.23783435,0.38687485,0.2176887,0.31062704,0.2622311,0.41641307,0.3554481,0.24075674,0.32773715,0.3557644
6,0.46671623,0.18038118,0.2953143,0.9495614,0.40585327,0.35499713,0.34498167,0.42820632,0.34643564,0.26293066,0.26006442,0.28729934,0.38991633,0.35456237,0.37786922,0.20372681,0.42784387,0.38041994,0.35372546,0.3416519,0.3301457,0.15435642,0.37746888,0.34299085,0.2970956,0.28764203,0.21221462,0.24668841,0.37833348,0.22055241,0.31469822,0.27723363,0.4048309,0.35379648,0.22676618,0.32328478,0.36180845
7,0.4813815,0.17472373,0.3109237,0.9439378,0.40025297,0.35075998,0.35335922,0.40194568,0.36359218,0.25378928,0.25751674,0.28448838,0.40103516,0.36231926,0.38151246,0.20003544,0.42924806,0.38798,0.35833952,0.33987817,0.34248304,0.1572361,0.39129084,0.34290215,0.2892768,0.3038129,0.21426882,0.23946583,0.4122637,0.23216778,0.30071285,0.25325218,0.422092,0.3530682,0.24565272,0.33596933,0.3579663
8,0.47741553,0.16780259,0.30984747,0.9463655,0.3931443,0.35330552,0.34814262,0.4212271,0.349276,0.2655753,0.25927538,0.2922854,0.3889586,0.35937792,0.3735534,0.2051734,0.43163982,0.37149236,0.33889002,0.3411606,0.3371236,0.1463115,0.36006302,0.34116873,0.28513902,0.29283407,0.21004476,0.24207667,0.40156686,0.21735841,0.3180321,0.26845995,0.40274036,0.34481373,0.24306493,0.3291124,0.3634048
9,0.48411056,0.16620952,0.32024977,0.9458816,0.39161012,0.3360333,0.35251856,0.41837376,0.34356534,0.26987827,0.24923384,0.29155546,0.38772333,0.36360016,0.3833782,0.20478076,0.4300789,0.3772457,0.3482823,0.33789286,0.35399032,0.15138017,0.35798445,0.33952847,0.2898948,0.28426644,0.2118196,0.24572888,0.40199056,0.21198788,0.30188078,0.27951926,0.39622173,0.35106775,0.24258064,0.33450583,0.35820282
10,0.48551524,0.1639154,0.29706776,0.94730514,0.39130697,0.34584722,0.34779122,0.40959904,0.3458875,0.26260844,0.25889757,0.28396618,0.3958808,0.35861045,0.36296013,0.19946466,0.41803625,0.3792387,0.33623594,0.34179747,0.34489796,0.1382735,0.36388767,0.34135315,0.2893195,0.29000747,0.21373223,0.24023218,0.40071517,0.21324077,0.30486658,0.25914282,0.39194313,0.34790432,0.24808139,0.331493,0.34757382
11,0.47578958,0.1688701,0.3183962,0.9494359,0.3895758,0.320414,0.34437883,0.40608594,0.34678566,0.26126474,0.25570357,0.27713588,0.38171774,0.37053785,0.3864953,0.19902998,0.44347584,0.3856843,0.34451613,0.34232453,0.3431177,0.1551224,0.36546987,0.32843477,0.28750914,0.27955264,0.20497641,0.24175048,0.40085036,0.21116719,0.3088111,0.25850734,0.40157485,0.350774,0.2419097,0.32888412,0.35536817
12,0.4830962,0.17082848,0.31128293,0.94866055,0.38853833,0.33488715,0.35923564,0.41770622,0.34856445,0.2681722,0.2585483,0.28085083,0.3881281,0.36557022,0.38323826,0.20114513,0.43967533,0.3932959,0.34177586,0.33691633,0.33822405,0.15582806,0.3841316,0.3414124,0.29224554,0.27960837,0.2175877,0.24737895,0.39073658,0.21739656,0.31329095,0.27662277,0.4035122,0.34893745,0.23863833,0.3275391,0.3530197
13,0.4869889,0.1591235,0.29340056,0.9464258,0.38616678,0.3421107,0.33572525,0.40900958,0.3596333,0.25125575,0.2691482,0.29399058,0.38592678,0.35254002,0.367299,0.19054948,0.43104374,0.36093256,0.31744438,0.35308406,0.33365482,0.1359795,0.361298,0.3268703,0.27446324,0.29241315,0.20154023,0.2176191,0.3978515,0.20748119,0.30664527,0.26551217,0.39677158,0.33485445,0.2643601,0.33266845,0.3580631
14,0.49130014,0.16122696,0.29515725,0.9498122,0.3789579,0.35475022,0.34079042,0.42133188,0.3381787,0.26870248,0.26337075,0.28635368,0.38640654,0.334855,0.34869394,0.18977109,0.42822826,0.3546183,0.320164,0.34008315,0.32626918,0.13477771,0.34841755,0.3394665,0.28261906,0.31064138,0.19679171,0.22981694,0.39845833,0.20898226,0.32272074,0.26151466,0.39744118,0.35083,0.2528279,0.31567538,0.34909028
15,0.49468693,0.15672635,0.28559306,0.9501491,0.3773136,0.36818418,0.33650765,0.41550997,0.34570193,0.2562076,0.26672453,0.2951313,0.38397092,0.3435897,0.36757514,0.19348252,0.43312845,0.35617945,0.33579817,0.3383615,0.3360959,0.13756928,0.35559192,0.32962352,0.27671537,0.3060861,0.20093735,0.23431517,0.38590106,0.21300757,0.31404814,0.26738477,0.395791,0.36097908,0.26288438,0.32376623,0.35906982
16,0.48775843,0.16989289,0.2903696,0.9450743,0.38507465,0.36077616,0.34094384,0.42198077,0.35150772,0.260706,0.25816104,0.2866532,0.38420635,0.34636816,0.36746752,0.19327566,0.42795378,0.35774446,0.32937488,0.3416147,0.33693698,0.14534019,0.3622812,0.33104065,0.2925418,0.29625192,0.21587288,0.23311394,0.39537272,0.2069131,0.3096064,0.26519915,0.40246102,0.37091213,0.2539417,0.32845682,0.34690216
17,0.47867244,0.17367844,0.30665505,0.94696414,0.3969092,0.3531385,0.33799148,0.42339927,0.351342,0.27597174,0.26194617,0.28727782,0.3801976,0.35843793,0.37458023,0.19246887,0.43181342,0.37252012,0.3393906,0.334003,0.32775623,0.15790564,0.36651328,0.33724874,0.2870901,0.28349152,0.22092484,0.24768043,0.3923803,0.21981597,0.3281318,0.28118432,0.4012819,0.37174785,0.24913043,0.33057198,0.36186218
18,0.47881636,0.16333178,0.29658353,0.94299495,0.3921728,0.3631731,0.33928448,0.41849807,0.35791573,0.26210177,0.26483202,0.30273846,0.3908274,0.3426192,0.36576262,0.19068108,0.42940307,0.3596058,0.32329985,0.35008365,0.3272867,0.1433602,0.37160563,0.33445835,0.27821591,0.29788592,0.20834696,0.22216596,0.40280804,0.22198096,0.31438938,0.2762817,0.39877492,0.3636873,0.26589796,0.32664478,0.36219147
19,0.48594895,0.15712684,0.28986087,0.95004505,0.38633922,0.3568262,0.34476554,0.40643367,0.34672147,0.25534543,0.25312647,0.29548496,0.38832617,0.3477296,0.35769323,0.18830381,0.43026945,0.3592323,0.3178173,0.34323633,0.3326914,0.14082676,0.3721625,0.32824346,0.2735337,0.2952029,0.200821,0.22321609,0.39501125,0.21212211,0.30702472,0.27053523,0.39850438,0.3647441,0.2633112,0.3277529,0.34706235
20,0.48113748,0.16597869,0.30287188,0.9481237,0.3887513,0.3518577,0.3460095,0.4143775,0.35844922,0.265639,0.26411647,0.28598636,0.3798268,0.35594648,0.3692213,0.19689806,0.4342081,0.36874545,0.3279542,0.34167612,0.33934608,0.1553162,0.37587473,0.3312246,0.280615,0.28888905,0.21250753,0.23697345,0.39408016,0.2208919,0.31828246,0.27546844,0.40776294,0.36565995,0.25746873,0.32001978,0.3624243
21,0.48789164,0.16750535,0.31055036,0.9445784,0.39410385,0.36409447,0.34302124,0.422715,0.347505,0.26774925,0.2580444,0.2819999,0.39090413,0.35053086,0.37792733,0.1910576,0.43470776,0.37026578,0.33329874,0.33821186,0.3543913,0.15171625,0.3850545,0.3364837,0.28880715,0.2716932,0.22130942,0.23253049,0.40038183,0.227755,0.30958095,0.2895162,0.3884547,0.3606192,0.2585237,0.32916543,0.3521121
22,0.4861107,0.17587197,0.30039024,0.9434367,0.39991635,0.35848722,0.3579937,0.4038057,0.36068854,0.28019246,0.26485682,0.29018006,0.3837388,0.36792687,0.3683489,0.20353815,0.43222576,0.38115117,0.334704,0.33733067,0.34808367,0.1591744,0.40327713,0.34721783,0.2820961,0.28508455,0.22731268,0.24719961,0.39774436,0.23105228,0.32066128,0.2807967,0.40760806,0.37671617,0.2646409,0.32741866,0.36208618
23,0.47979504,0.1645748,0.2987355,0.950788,0.3948174,0.34757423,0.35384727,0.4182491,0.3472735,0.26662728,0.2600439,0.28098714,0.37756047,0.3667728,0.37684116,0.18832682,0.43711376,0.3675125,0.32671943,0.33868888,0.3406351,0.14796497,0.38114756,0.32938746,0.28294036,0.26763168,0.21496005,0.23508836,0.38427198,0.21723454,0.30990937,0.28638884,0.39506218,0.36338767,0.2542633,0.3299663,0.35481378
24,0.489739,0.17166127,0.3003324,0.94787526,0.38889498,0.35423565,0.35370705,0.4066544,0.36660376,0.26425704,0.26533258,0.2978849,0.3783997,0.35182434,0.3620637,0.1955537,0.42667517,0.367698,0.33738753,0.34564582,0.35372153,0.15279593,0.39853123,0.33675793,0.27723116,0.29108828,0.20391469,0.22496036,0.41033557,0.22683494,0.30185375,0.28146958,0.39738846,0.33552435,0.26183066,0.3209782,0.35207987
25,0.49156085,0.17026842,0.29832762,0.94734424,0.3921645,0.35654977,0.34910622,0.41809618,0.36616248,0.26671132,0.27030727,0.27886665,0.39125535,0.35480458,0.3736938,0.19702668,0.43889716,0.37947002,0.3446088,0.34217793,0.35268754,0.15024245,0.4008076,0.33506316,0.2862828,0.29453695,0.20905876,0.22563326,0.39494488,0.23251192,0.30782112,0.28582764,0.40470567,0.35101724,0.25136167,0.33719367,0.364252
26,0.49410784,0.17876026,0.32061556,0.9427706,0.39553016,0.3615154,0.35782284,0.41228116,0.36439675,0.28075847,0.2634037,0.30594262,0.40364605,0.36297393,0.37097406,0.20906459,0.4467671,0.38498965,0.35056984,0.35193935,0.34646147,0.1604309,0.39089555,0.3480891,0.28311327,0.30787385,0.22306871,0.24507043,0.40408674,0.2323347,0.3147523,0.2888437,0.40604803,0.35081786,0.2501726,0.3300494,0.35053653
27,0.48478034,0.18449296,0.29606748,0.9444393,0.40705937,0.36596638,0.35656396,0.40366998,0.360969,0.26883376,0.26104072,0.29762265,0.399156,0.367613,0.37227976,0.20412281,0.444929,0.3813084,0.3535695,0.33885124,0.3449431,0.15924798,0.39802778,0.34242165,0.28423005,0.30491138,0.22058019,0.24386577,0.4027962,0.2346004,0.3083301,0.27913544,0.41013893,0.37381202,0.2567795,0.34095165,0.36129364
28,0.49680498,0.17223652,0.2975189,0.9509564,0.40831444,0.35689586,0.35948423,0.4038228,0.3522884,0.26311198,0.25136337,0.30119962,0.3917464,0.361757,0.37093875,0.20944303,0.43653566,0.39118803,0.34265336,0.33736286,0.34071812,0.16023308,0.39556813,0.3336681,0.27680054,0.29937762,0.21634893,0.246702,0.39242357,0.22078036,0.3086243,0.27754346,0.40489453,0.36223364,0.2500979,0.3233868,0.36232695
29,0.48331663,0.17423624,0.29707575,0.94987077,0.3997653,0.3528973,0.35152993,0.40278444,0.36512512,0.2664211,0.26622427,0.28613997,0.39437693,0.3704417,0.36403978,0.1960124,0.44514245,0.3682905,0.33835432,0.3426061,0.35046676,0.15309972,0.40347582,0.34246746,0.27410048,0.29070416,0.21250238,0.23086673,0.40110525,0.2274317,0.30796424,0.27707443,0.40287176,0.34380138,0.26075596,0.33316845,0.3581274
30,0.48016915,0.17605303,0.28674224,0.9512577,0.39735004,0.35784575,0.35806727,0.4118951,0.35467863,0.26897842,0.26806456,0.2930838,0.3965261,0.3695257,0.3726271,0.20789154,0.43921795,0.38218006,0.3580913,0.33868155,0.3336564,0.15837868,0.40417194,0.33915547,0.2862911,0.3049221,0.21646085,0.24510993,0.38659808,0.22177173,0.31902912,0.2870511,0.4063953,0.35428593,0.24576113,0.32075754,0.35574836
31,0.4937669,0.18312544,0.30511263,0.9460746,0.40615278,0.3480753,0.35111013,0.41393983,0.3576703,0.279633,0.27537066,0.29352227,0.39844403,0.3571634,0.36023733,0.21246509,0.43791506,0.37798238,0.34196252,0.3512627,0.3308876,0.16097845,0.39803764,0.34136504,0.2819049,0.30123547,0.21509704,0.23846653,0.4047156,0.22342381,0.33359858,0.2757413,0.39915964,0.3657002,0.2625529,0.30885473,0.36423826
32,0.4950161,0.1740808,0.31133428,0.94539446,0.41333836,0.36601058,0.34969446,0.41743574,0.3598677,0.28153715,0.2737128,0.3104304,0.39078966,0.35421598,0.36346886,0.21490869,0.43277133,0.37929583,0.3512615,0.33888453,0.33674058,0.15500492,0.38662794,0.34251764,0.2816862,0.30062667,0.21226463,0.24473873,0.4083232,0.22466005,0.32830915,0.273385,0.40939265,0.35865536,0.25477517,0.32315317,0.36539495
33,0.4935151,0.19815536,0.31629103,0.9412279,0.41428125,0.35709497,0.34900597,0.41474992,0.36037633,0.28291133,0.26619542,0.29519272,0.39814636,0.35907793,0.37799096,0.21487603,0.4482085,0.39187142,0.3593047,0.33762005,0.3479851,0.1619108,0.41175884,0.35064402,0.28939983,0.30182904,0.2263444,0.24916038,0.40571338,0.23261818,0.31708434,0.27637002,0.41190922,0.36689472,0.24596925,0.31527358,0.359098
34,0.48557684,0.1874329,0.3027027,0.9433836,0.4081773,0.37070078,0.33889455,0.41598076,0.35508034,0.27418557,0.26275635,0.29709846,0.3970563,0.3548931,0.37111172,0.21276018,0.43623912,0.38723162,0.35163304,0.33362022,0.34704426,0.1588162,0.4113137,0.33920452,0.28299648,0.2949569,0.22483017,0.23968443,0.4121913,0.23112439,0.31800285,0.2762691,0.40052965,0.3573058,0.26173317,0.31678224,0.3562191
35,0.49061054,0.18414411,0.28930184,0.944602,0.4097425,0.36821967,0.35343957,0.4061679,0.3604371,0.2848889,0.27568823,0.29343432,0.39137954,0.3565208,0.36124927,0.20249648,0.44047868,0.3784304,0.34914172,0.33334595,0.35595965,0.15646274,0.4199541,0.34918082,0.28036582,0.29260364,0.22005035,0.2466157,0.39734396,0.23652406,0.3144095,0.28800532,0.40605816,0.36181754,0.26550487,0.3183,0.37417653
36,0.49575406,0.18673132,0.29047155,0.94937027,0.41346657,0.3581557,0.34559107,0.3982647,0.35875085,0.2714121,0.26410416,0.29335874,0.39811766,0.36002776,0.36087808,0.200478,0.4321746,0.38023937,0.34862477,0.33345413,0.34291396,0.15094268,0.4171608,0.33657056,0.28207278,0.29656067,0.21691477,0.23776595,0.3998333,0.22624612,0.31111783,0.2667053,0.40220332,0.3634148,0.255191,0.32224628,0.36209565
37,0.48880047,0.18849078,0.29728806,0.9469775,0.40726733,0.35665363,0.3489375,0.41461554,0.3569901,0.28166777,0.2732315,0.29075697,0.3954212,0.3688014,0.36900043,0.19927125,0.4397373,0.3737967,0.35683474,0.35105547,0.34492922,0.16373612,0.40940002,0.33477476,0.29887733,0.28246373,0.22439796,0.24473165,0.40333953,0.22376132,0.31788695,0.29069176,0.40365514,0.36128256,0.25178438,0.32742292,0.36067468
38,0.49519643,0.19042583,0.300341,0.94445354,0.40240026,0.36787823,0.3630907,0.4135343,0.3649689,0.27723446,0.26795813,0.28670368,0.39996788,0.36297488,0.36896414,0.20317064,0.4480378,0.38768804,0.3505458,0.34490347,0.35048872,0.15028301,0.40815842,0.35768119,0.28796935,0.30669707,0.21787247,0.2459066,0.4016634,0.23264563,0.30903426,0.27714887,0.41508248,0.35823536,0.25932395,0.32421586,0.34954464
39,0.4817566,0.17372847,0.30109704,0.95166975,0.40394935,0.35070986,0.3542525,0.4091946,0.36200035,0.26092935,0.26635537,0.29405773,0.39661923,0.3634386,0.36654985,0.19791445,0.43023625,0.36411923,0.3446892,0.35318863,0.3388696,0.15351923,0.41991982,0.3226934,0.27768517,0.277484,0.21684076,0.23097922,0.40711603,0.22424862,0.30625978,0.28589672,0.40794742,0.35440722,0.26606148,0.33093613,0.3585309
40,0.48649895,0.18892077,0.3113403,0.9469659,0.41501737,0.34657106,0.35892272,0.41454768,0.3699188,0.2746083,0.27508402,0.28466478,0.40456834,0.37024048,0.37994936,0.20300573,0.4455724,0.38408917,0.359742,0.35465497,0.34509632,0.16753317,0.42820552,0.33236313,0.2936719,0.28220838,0.2312459,0.24152751,0.4000695,0.23241216,0.31643173,0.29733223,0.41273233,0.37045428,0.25538334,0.32815695,0.35957468
41,0.4879451,0.18200594,0.31311214,0.9447659,0.39785263,0.362346,0.34655592,0.4217551,0.361221,0.27399644,0.2698756,0.29524532,0.4010297,0.35695505,0.3692931,0.19952224,0.43371412,0.3746945,0.35293713,0.35575974,0.34827042,0.15355755,0.41458353,0.33632636,0.29047447,0.28959975,0.22563475,0.23272833,0.40986928,0.22843485,0.31492388,0.29241872,0.40425798,0.35288984,0.25422734,0.3279287,0.33781558
42,0.4956127,0.17519604,0.31547102,0.94859356,0.41331533,0.34083876,0.35180938,0.39862216,0.36392936,0.2658019,0.25962096,0.29029763,0.41056126,0.37657374,0.3846366,0.19280894,0.43665814,0.3830032,0.35431877,0.35719576,0.3496199,0.1581735,0.4264749,0.31927755,0.2758669,0.27879634,0.2274328,0.22914377,0.39279956,0.22608131,0.29743823,0.28562507,0.41107118,0.36711413,0.2517494,0.33565524,0.3438179
43,0.49199933,0.17699909,0.31425282,0.9516393,0.41082752,0.32879338,0.3507682,0.4021352,0.35991153,0.27342594,0.25593743,0.29167128,0.4110801,0.36530256,0.38177744,0.19741824,0.43799663,0.3917274,0.3517314,0.34700692,0.33311433,0.16205786,0.42803127,0.32254422,0.28090838,0.28106955,0.22966114,0.23930813,0.38730338,0.22504623,0.31349596,0.28154665,0.41727442,0.36172125,0.24775063,0.3209955,0.35999754
44,0.48681086,0.17032795,0.2983889,0.9535308,0.41677555,0.343901,0.3350802,0.4113992,0.35380024,0.26544058,0.2669974,0.28468254,0.40674785,0.36765718,0.38723728,0.19669485,0.43081367,0.38567278,0.36013684,0.34191644,0.3472193,0.1626458,0.41703144,0.32208508,0.29126292,0.2759659,0.21762463,0.24090694,0.39157277,0.21719554,0.30952746,0.28098735,0.40324956,0.357166,0.25898623,0.32838187,0.35468403
45,0.49029064,0.17284058,0.32085672,0.9457786,0.40287912,0.3533135,0.3471088,0.4185993,0.3595151,0.2727352,0.2647627,0.29615843,0.39771244,0.3611894,0.3796498,0.20770083,0.43451762,0.3845546,0.3452073,0.35290438,0.34373873,0.15361388,0.39221227,0.33608645,0.28811976,0.293852,0.21408668,0.24012384,0.40998933,0.22104523,0.31226203,0.28029504,0.40474862,0.34460127,0.2489456,0.33135504,0.3512053
46,0.4870017,0.1720902,0.31314734,0.95149064,0.4108007,0.33967084,0.3421206,0.40988547,0.3621502,0.27174443,0.2707899,0.29893187,0.38810846,0.36312446,0.3812474,0.20322211,0.44350302,0.39430216,0.34804904,0.3393972,0.34473675,0.163264,0.42102483,0.32258222,0.27745515,0.27485836,0.21919689,0.2502361,0.39566532,0.22239499,0.31700572,0.28888372,0.40740946,0.34400684,0.24917991,0.31273338,0.3822261
47,0.49668944,0.18453234,0.31226283,0.9445519,0.40851006,0.36300975,0.35136402,0.43469957,0.36459205,0.2804804,0.2743752,0.30247715,0.41189793,0.36449623,0.37795442,0.21015175,0.4354715,0.37655386,0.36154258,0.35701606,0.34856752,0.15442723,0.39978832,0.3448171,0.2956549,0.295774,0.22387211,0.25166366,0.40934622,0.23195647,0.32205397,0.2853841,0.40272722,0.35067433,0.24624923,0.3257279,0.36271933
48,0.49567786,0.17884053,0.27941862,0.9497772,0.4227356,0.34985337,0.36313993,0.4277526,0.34801266,0.26541352,0.27243182,0.29582796,0.39937043,0.37144506,0.36904228,0.20363119,0.43002585,0.37776121,0.349096,0.3617089,0.3424366,0.16202183,0.41231817,0.35109165,0.2905242,0.29685473,0.2158023,0.24686977,0.39656958,0.22144075,0.3187554,0.2929549,0.37854907,0.3571028,0.25750315,0.32395664,0.36867854
49,0.50037855,0.17826168,0.30198333,0.94573253,0.4089985,0.3615832,0.35277426,0.43585348,0.34913266,0.28062376,0.266988,0.292481,0.39782742,0.35624668,0.3705006,0.20869975,0.43866107,0.38191575,0.34812802,0.3555264,0.34449014,0.15472054,0.3992918,0.35028914,0.29434058,0.3024069,0.21439019,0.24576022,0.404999,0.21833938,0.31274423,0.2821416,0.39901912,0.3378116,0.25459045,0.32356176,0.3626445
50,0.5027344,0.17387654,0.2912945,0.94942075,0.4086818,0.34246784,0.34429538,0.42063886,0.35488474,0.27673978,0.27975786,0.2943079,0.39871275,0.3583816,0.3703788,0.20759365,0.4464044,0.37087873,0.34231946,0.35040602,0.33186087,0.1536876,0.39032596,0.3375836,0.2798562,0.2960963,0.2095318,0.24250665,0.38770518,0.21518645,0.3096894,0.28129977,0.40411687,0.35306284,0.25664446,0.32870954,0.37443846
51,0.49951333,0.18294542,0.30115113,0.9436402,0.41057545,0.34281787,0.35020548,0.4182681,0.34939536,0.27727988,0.27094394,0.2861347,0.42698315,0.3597762,0.37543887,0.20666005,0.44469061,0.39809456,0.34722257,0.3414391,0.3306641,0.16545612,0.42102423,0.3479807,0.2894607,0.30322075,0.22686997,0.24724805,0.40188122,0.23083018,0.32294235,0.28286237,0.40841106,0.36780867,0.25086802,0.32305285,0.37326318
52,0.5058864,0.17319386,0.29798588,0.94911695,0.41144833,0.33991292,0.35365817,0.41921476,0.35036305,0.27074772,0.27452773,0.2827476,0.40638024,0.3698446,0.3809919,0.21471916,0.45334536,0.39659533,0.34925097,0.3460652,0.33771592,0.16615994,0.40373185,0.34598887,0.28547704,0.30199587,0.21233898,0.2551337,0.38582078,0.21449031,0.31947848,0.28307196,0.3976203,0.36032772,0.24365631,0.3203645,0.38989577
53,0.49896657,0.18949692,0.33038485,0.9368441,0.42418036,0.3092842,0.36534375,0.41960797,0.37793168,0.3093096,0.30611855,0.28887618,0.40304253,0.40608618,0.4049057,0.22737451,0.42900804,0.41576618,0.3475685,0.35680425,0.36020088,0.17790043,0.42417446,0.35237125,0.30885017,0.28925943,0.25618473,0.27003422,0.3905545,0.24535601,0.3410012,0.28357783,0.4111937,0.3574813,0.2482673,0.3423988,0.38464856
54,0.54060274,0.36021274,0.319219,0.8340882,0.39973566,0.38651338,0.3899298,0.37915263,0.47079223,0.43037722,0.36488864,0.38699526,0.3577351,0.4601818,0.46151066,0.33343774,0.45726895,0.39668602,0.3842115,0.38650697,0.40599683,0.21718106,0.61246216,0.40408885,0.3174408,0.3461647,0.34183592,0.3151849,0.35048306,0.3548888,0.3857819,0.3660286,0.44672826,0.36389393,0.28992173,0.3872003,0.37794685
55,0.5569761,0.4413389,0.361595,0.7954601,0.41777173,0.3841837,0.40595356,0.39042863,0.40797496,0.3827675,0.375019,0.3929417,0.40427077,0.49399272,0.46333015,0.30474,0.42971438,0.4309681,0.39883557,0.38698182,0.43263343,0.26225838,0.64036924,0.39002067,0.318841,0.3567266,0.34740737,0.32607496,0.3853734,0.42974457,0.3664065,0.31524768,0.4724805,0.33419332,0.2981249,0.45721212,0.41214117
56,0.4931585,0.39650092,0.34679624,0.8805062,0.43175003,0.37613446,0.48495567,0.41579944,0.36715147,0.30324283,0.33677617,0.33943832,0.40352347,0.4935561,0.43399546,0.2882436,0.47451574,0.42773417,0.4314006,0.42700896,0.40086222,0.27583033,0.6033606,0.40785778,0.27900538,0.29057196,0.28326985,0.31877485,0.4502565,0.34064046,0.35075653,0.32864007,0.49588907,0.34900677,0.25885856,0.42197874,0.41059166
57,0.5155798,0.5891589,0.28493795,0.8158807,0.47819468,0.32223403,0.4078637,0.4197446,0.3712846,0.35533553,0.3717368,0.38151976,0.39946353,0.4691843,0.4726062,0.3123276,0.43638042,0.4306625,0.40449944,0.44390848,0.37934065,0.20559056,0.6966382,0.37253708,0.26608828,0.32414672,0.33151528,0.22655119,0.4598973,0.40620327,0.36687517,0.2914134,0.4711868,0.35824496,0.28601342,0.44531196,0.37929162
58,0.51129276,0.5387029,0.31733936,0.8455828,0.45743802,0.30779573,0.38867444,0.43727416,0.38729206,0.33972234,0.33459502,0.3479313,0.40839118,0.49904647,0.42765012,0.26763186,0.45058498,0.45534146,0.3613796,0.42518297,0.40350845,0.23393416,0.6715415,0.38085726,0.2729101,0.31829962,0.33630297,0.27393246,0.46220213,0.31995788,0.37223974,0.3076328,0.4368739,0.38057154,0.2849965,0.43122855,0.3736536
59,0.5207743,0.46538684,0.337266,0.8663941,0.45192382,0.3085946,0.46713403,0.46360865,0.40401933,0.33432657,0.32886356,0.3497237,0.40445334,0.5137176,0.42204344,0.2636782,0.45786235,0.43383914,0.3991946,0.43151373,0.42335716,0.23046607,0.6403978,0.36820233,0.30648112,0.3159277,0.3041624,0.29077616,0.47932148,0.35512605,0.3778622,0.304189,0.4779498,0.3877388,0.27641696,0.4227287,0.40145752
60,0.48881882,0.45781207,0.3339703,0.86855745,0.46785954,0.30526677,0.43053436,0.44427407,0.3843417,0.29622903,0.3511247,0.35145682,0.43936437,0.51387733,0.44109106,0.32505727,0.4618778,0.42464766,0.39973518,0.44228327,0.41300803,0.23170584,0.621496,0.39021719,0.28951523,0.30914512,0.27081898,0.29026553,0.43953973,0.3482109,0.3924063,0.315489,0.4666861,0.35357624,0.29824892,0.38900352,0.42491898
61,0.54300624,0.6047969,0.29950142,0.78751737,0.4906445,0.33274826,0.41003838,0.45103797,0.33518302,0.347272,0.40088972,0.39681125,0.42379576,0.45582384,0.4641136,0.2820257,0.46779653,0.40312508,0.36494982,0.40912265,0.3667907,0.205937,0.7029413,0.43122953,0.26588577,0.31666717,0.2799674,0.28502488,0.45498136,0.3753354,0.4026517,0.28170255,0.4554356,0.34749165,0.28891882,0.42992285,0.4228082
62,0.59444994,0.5685995,0.34538752,0.67965966,0.48503008,0.31025326,0.46022457,0.4558581,0.37092808,0.32737914,0.34845594,0.3455019,0.4487005,0.42443028,0.4481385,0.280833,0.45528713,0.41962907,0.38922787,0.3674458,0.41887498,0.19748873,0.7236614,0.4156601,0.29695123,0.32972604,0.23692483,0.2915802,0.47613326,0.28482142,0.40544873,0.3438675,0.4704818,0.29882595,0.29700917,0.40198666,0.4268725
63,0.5824223,0.562691,0.3716578,0.560257,0.4788085,0.30935925,0.46723056,0.4426563,0.41266662,0.30978724,0.3027072,0.33411515,0.4687768,0.39498982,0.49834242,0.28338495,0.4484844,0.43765625,0.39257726,0.3582662,0.41535237,0.18661256,0.7197851,0.38792822,0.34377748,0.3133669,0.24476661,0.29764947,0.49026594,0.25503227,0.41951478,0.3963876,0.47039506,0.3258345,0.28601468,0.42055386,0.4333319
64,0.6164615,0.57840335,0.36642882,0.5567657,0.46222576,0.2970552,0.45174205,0.4602278,0.39578122,0.3196746,0.32525557,0.34692436,0.4440208,0.3750778,0.46338803,0.26759562,0.4410075,0.41601273,0.3817972,0.36565787,0.4134267,0.18992867,0.71294785,0.40912813,0.38082457,0.34123275,0.26320803,0.2739023,0.4673363,0.2646991,0.42709827,0.37753034,0.47065625,0.3460969,0.30051336,0.37949526,0.44312444
65,0.6340773,0.6560088,0.34192044,0.45447487,0.45719853,0.3411929,0.4386448,0.49132863,0.3951798,0.32066733,0.36477104,0.38650647,0.451561,0.34866384,0.46995854,0.28321746,0.4204913,0.41034344,0.37057772,0.3399747,0.40228987,0.1820204,0.7628808,0.42486045,0.34168702,0.350607,0.23826137,0.29027903,0.5307636,0.30357355,0.39211842,0.32506225,0.43153894,0.31905952,0.271567,0.4236833,0.4284051
66,0.59131277,0.4822402,0.3856393,0.5372073,0.44365686,0.36283913,0.42264777,0.4822072,0.4060305,0.3266248,0.3366395,0.38169324,0.4677038,0.40168443,0.4624839,0.32048187,0.41898978,0.43943498,0.39498562,0.39779526,0.42256618,0.1931179,0.67116404,0.38500008,0.3772283,0.3595898,0.30893427,0.30714846,0.48754424,0.31356245,0.41540018,0.38621455,0.44264248,0.37448654,0.28545922,0.39380452,0.42458478
67,0.5912529,0.52391136,0.3732222,0.42900643,0.40937072,0.3606711,0.45526,0.4967478,0.3996166,0.29826558,0.32856154,0.37445638,0.45374623,0.41760397,0.45425415,0.30415338,0.42896298,0.42391694,0.3792725,0.40087417,0.4237448,0.17336407,0.7108943,0.426639,0.37901133,0.3636296,0.28548276,0.2788531,0.5022142,0.2958928,0.41554707,0.36877808,0.45066017,0.3680195,0.2956296,0.41477332,0.45899242
68,0.59854466,0.52349657,0.3630557,0.43658924,0.44537434,0.36912838,0.43047562,0.49616653,0.3895557,0.2958186,0.32156172,0.354574,0.45910174,0.38739777,0.4461029,0.3044334,0.4317697,0.4156807,0.40011486,0.39045504,0.4384798,0.16264367,0.7255956,0.40023595,0.36272097,0.3458326,0.28889433,0.28348923,0.49680558,0.27939853,0.3966581,0.39179605,0.44538805,0.3724003,0.2959765,0.41882703,0.434633
69,0.6010151,0.5909402,0.33151153,0.44135967,0.4273305,0.34862918,0.4553925,0.4709347,0.3969217,0.28591344,0.3373473,0.34338516,0.43281558,0.3872473,0.429479,0.2972652,0.478255,0.4132438,0.3830367,0.35431108,0.41837168,0.12444978,0.8011018,0.39944002,0.32601532,0.3150352,0.26838267,0.24930423,0.5008231,0.29050705,0.37508962,0.32416615,0.43140793,0.32167506,0.24655803,0.40322334,0.4596962
70,0.5631874,0.4886466,0.3743139,0.43321982,0.39085338,0.37074134,0.4740034,0.4715057,0.42775154,0.3044007,0.32288802,0.36861387,0.41915601,0.40890774,0.4671823,0.3363563,0.47663108,0.43271276,0.42114624,0.43758678,0.4138926,0.18521997,0.68526465,0.43016747,0.4306204,0.3602196,0.30170044,0.2918092,0.51271147,0.317998,0.3945373,0.36537132,0.4149368,0.40124252,0.30155087,0.4333375,0.45448008
71,0.59694874,0.5210995,0.35753575,0.37543282,0.42269903,0.36491996,0.42755288,0.47131142,0.3905221,0.30608365,0.31516996,0.34979945,0.45081893,0.3922463,0.45065454,0.3093078,0.46904588,0.40333864,0.38520056,0.4020766,0.42204735,0.1378253,0.7565251,0.4258142,0.37425357,0.33865955,0.28803053,0.26431692,0.4923233,0.29515582,0.37520802,0.39220187,0.37136683,0.42471933,0.3234528,0.40257552,0.47754985
72,0.61683714,0.5986703,0.32058764,0.3263009,0.4182772,0.34996966,0.41279098,0.45703477,0.3865508,0.2735755,0.28949246,0.3362963,0.4283851,0.38707596,0.43174216,0.28752372,0.46448952,0.39613968,0.3806717,0.38467044,0.4301832,0.12272754,0.7995504,0.41024968,0.33776486,0.31159887,0.27485326,0.250328,0.5059083,0.26930785,0.34733582,0.3591186,0.36515242,0.39336094,0.30881158,0.40658548,0.45133713
73,0.6277593,0.61864024,0.3112556,0.2881521,0.40717888,0.34838504,0.44327253,0.4615777,0.40027,0.2734154,0.30944973,0.3263156,0.4459623,0.39296544,0.4456103,0.28488797,0.46958345,0.38282567,0.35776985,0.40496826,0.42629328,0.11897544,0.808896,0.4067365,0.35416555,0.33003005,0.26010013,0.23815109,0.51716423,0.2552672,0.34517547,0.35820097,0.3673718,0.40011966,0.3105991,0.42265168,0.45482117
74,0.6228001,0.59610486,0.33094242,0.34394035,0.40319574,0.38616958,0.41561776,0.45037702,0.39025363,0.29256582,0.30722585,0.32034552,0.43824536,0.42219216,0.4348187,0.30008948,0.479638,0.37377864,0.3622252,0.39148197,0.4188989,0.11475082,0.7976298,0.4420993,0.34760532,0.3361009,0.27170414,0.24115968,0.5140511,0.27836898,0.32376528,0.35348555,0.3426621,0.4193814,0.3201572,0.39033243,0.4357359
75,0.63207525,0.6039603,0.34526542,0.31827953,0.40701216,0.37214303,0.40372238,0.4529933,0.38641986,0.2823934,0.31674123,0.30966353,0.46268138,0.39739567,0.45557633,0.290174,0.47808027,0.38932514,0.35808572,0.39034617,0.42257312,0.10685918,0.7963263,0.44676128,0.35285795,0.3132385,0.25644368,0.25458792,0.50563854,0.2679206,0.33372334,0.32423973,0.35076255,0.41745624,0.32030496,0.39936244,0.45799935
76,0.627299,0.59409803,0.29812142,0.34121582,0.427497,0.38368985,0.432969,0.44713575,0.37725705,0.27983758,0.27302104,0.31156728,0.44094804,0.43262208,0.44015673,0.28478426,0.47369823,0.40612096,0.38713866,0.37962243,0.42688423,0.1117518,0.7978267,0.4214364,0.34843406,0.3264765,0.26584232,0.2397382,0.5142757,0.27083617,0.32072967,0.3230321,0.34167647,0.41810793,0.30727363,0.40127772,0.47445542
77,0.6587808,0.671013,0.3215358,0.29170528,0.4327292,0.3686674,0.41673508,0.47435996,0.3940563,0.24997586,0.30147386,0.30618325,0.45498067,0.405446,0.42534137,0.26390982,0.47348914,0.39330548,0.3224405,0.36003888,0.3872939,0.093994915,0.8326824,0.41575068,0.34674364,0.32438278,0.23871817,0.24480833,0.52170634,0.2381172,0.30090913,0.29704627,0.3270688,0.37815517,0.2848546,0.39901116,0.47053376
78,0.6578357,0.6286898,0.34026325,0.2913926,0.41474912,0.3484553,0.40103453,0.46151686,0.3831853,0.27916464,0.2875884,0.33079743,0.46175364,0.39819565,0.44578412,0.2933887,0.47314137,0.39132246,0.35342383,0.36558786,0.43670997,0.1187364,0.81154454,0.4763964,0.33824858,0.31780645,0.25767988,0.24750553,0.5057563,0.2774744,0.3194491,0.33481288,0.32785702,0.4188831,0.32322237,0.40750328,0.47209644
79,0.65431976,0.6470511,0.35977018,0.33647493,0.40875638,0.35774133,0.4210196,0.47406057,0.40441877,0.29719457,0.30319247,0.3545018,0.44204256,0.405199,0.4411605,0.30677107,0.46909943,0.40011707,0.35997146,0.3997497,0.44858956,0.13899373,0.78691554,0.46921894,0.34274715,0.34026808,0.2791026,0.27350548,0.52522707,0.30034694,0.36408788,0.38967225,0.3351765,0.38868746,0.30421516,0.42355773,0.44962463
80,0.60388774,0.6568044,0.3718069,0.3708418,0.4061892,0.37741914,0.43725857,0.45958608,0.44444248,0.32751688,0.32852787,0.36560595,0.46475363,0.37754214,0.46487686,0.3132865,0.45892745,0.35680377,0.34890202,0.43253303,0.43454078,0.1456087,0.77635694,0.45090458,0.35766634,0.3607882,0.30827603,0.3142175,0.51836985,0.29612803,0.37432426,0.35763043,0.3567759,0.3780406,0.3054169,0.41926855,0.448906
81,0.5525671,0.72761035,0.34980494,0.3307059,0.4653752,0.36333188,0.43597063,0.45334867,0.48651513,0.35166612,0.35834265,0.3960435,0.4778881,0.38557863,0.43912277,0.2971709,0.45211375,0.3973646,0.3243149,0.47253385,0.45839217,0.2019022,0.7622339,0.4029474,0.38375577,0.3558459,0.30147004,0.32922637,0.49660218,0.295363,0.40190053,0.32520473,0.41900328,0.36368284,0.28919163,0.41496128,0.45806107
82,0.535473,0.7610312,0.31582338,0.30098522,0.44573677,0.35890073,0.39892662,0.42425722,0.46461836,0.3217671,0.3832918,0.35163692,0.48606113,0.3891867,0.47136655,0.29335868,0.4957771,0.41417533,0.34293288,0.46717513,0.4672502,0.18162374,0.7840105,0.44036222,0.371917,0.37579358,0.27172583,0.31633702,0.49633026,0.29581904,0.42094985,0.35872117,0.40488878,0.40205687,0.30430442,0.45105135,0.45307896
83,0.5408151,0.7186192,0.35903043,0.2980521,0.44836694,0.37458193,0.4476648,0.47499806,0.4959206,0.32489768,0.3666021,0.41684818,0.496158,0.382349,0.4977313,0.3264266,0.48025167,0.42470366,0.3568159,0.46068776,0.42415634,0.23097523,0.71941763,0.43735123,0.39609084,0.38362458,0.32387176,0.29220667,0.48149213,0.3024223,0.43848127,0.4049131,0.48071134,0.45295995,0.32101715,0.4680308,0.43401155
84,0.48966268,0.70681536,0.36045325,0.2795982,0.4983307,0.44234475,0.42138952,0.4709671,0.4744605,0.35698113,0.37210846,0.4086421,0.47508928,0.3623818,0.4698502,0.3335824,0.46915218,0.41286787,0.4027412,0.43642396,0.44826198,0.3051573,0.68417287,0.4317614,0.4144785,0.40461057,0.324435,0.2839558,0.5009527,0.3013425,0.45765212,0.3883971,0.5159097,0.46713373,0.32444173,0.42726558,0.41713038
85,0.39137608,0.7035506,0.3445668,0.2427125,0.58879405,0.42787263,0.39755586,0.47698426,0.5159664,0.36298746,0.37988272,0.3598281,0.47167468,0.41648945,0.4798936,0.3085768,0.47053164,0.38447776,0.37174463,0.4064834,0.47430503,0.44712734,0.62939554,0.45517665,0.37286955,0.41976193,0.2584058,0.29898608,0.53491306,0.29334167,0.45156538,0.3713443,0.5055774,0.45427144,0.34909293,0.42605725,0.4463035
86,0.41158807,0.7092267,0.41220766,0.24806038,0.5653747,0.3958149,0.46095002,0.48420882,0.47929457,0.34542185,0.32668784,0.37264365,0.5064621,0.36681044,0.47520083,0.29978535,0.4721333,0.3875487,0.3722928,0.44003785,0.4524424,0.40694666,0.60235643,0.43442017,0.331518,0.38533026,0.27057123,0.26994687,0.49468938,0.27665237,0.4712618,0.37026605,0.48956093,0.4241011,0.3680717,0.42215112,0.46514237
87,0.43496576,0.75543946,0.436029,0.23619652,0.5227404,0.36562267,0.44977772,0.45497516,0.50010026,0.3476794,0.3494859,0.3599961,0.5233958,0.37964815,0.48401928,0.30168128,0.48414797,0.37277758,0.3834566,0.40151572,0.45151064,0.37869206,0.6017291,0.42398074,0.29917145,0.3885357,0.28614798,0.24802223,0.47824872,0.2658085,0.47581226,0.37157515,0.45515466,0.41103178,0.32511285,0.38737133,0.4459937
88,0.447138,0.71592355,0.4359032,0.25051618,0.4883367,0.35212302,0.42328268,0.44758636,0.49761838,0.38221157,0.33533293,0.3727369,0.45946828,0.3818742,0.5010416,0.30946323,0.50317043,0.38854977,0.42544362,0.40458465,0.46040523,0.4300684,0.6019178,0.42379722,0.36903417,0.34606865,0.28348568,0.23969637,0.49754295,0.3063591,0.49687856,0.36382985,0.41349998,0.39795977,0.32754782,0.40867987,0.41761535
89,0.34430805,0.6809345,0.39746046,0.263457,0.501097,0.38165283,0.38426262,0.43781257,0.5049678,0.40660605,0.3515835,0.37816066,0.45578465,0.40759054,0.49306944,0.33766156,0.4847666,0.39948225,0.42702234,0.4055912,0.44754395,0.5282584,0.5498933,0.40903932,0.36733225,0.37630823,0.31606647,0.25383717,0.5313699,0.3323417,0.46495482,0.37995732,0.44209093,0.37918034,0.36940265,0.4278415,0.39257127
90,0.4448722,0.6893371,0.41451544,0.22837926,0.48109078,0.41516876,0.37962443,0.4554981,0.4593568,0.3345733,0.32764053,0.37022325,0.4297923,0.43270665,0.46819308,0.34666097,0.5272057,0.40669766,0.36423552,0.46593934,0.48049077,0.38182208,0.5810354,0.4528785,0.33020735,0.3794529,0.30053338,0.30563238,0.5007465,0.31769192,0.49074727,0.3930442,0.40452132,0.41869894,0.35404044,0.45435652,0.48507714
91,0.5049979,0.6932689,0.44671276,0.21938209,0.4536793,0.39131477,0.38247404,0.4377637,0.45744294,0.36287734,0.3249365,0.40047565,0.4690411,0.4143715,0.46788576,0.35212547,0.5381748,0.39772698,0.40272856,0.45492816,0.45031676,0.3399082,0.6354449,0.42017755,0.3356623,0.38044035,0.32060358,0.3221609,0.52922374,0.32476982,0.4908985,0.3832304,0.3622599,0.40186384,0.3903276,0.4449408,0.48194554
92,0.5107437,0.65090215,0.41423866,0.22820874,0.47641474,0.39450428,0.38571504,0.46480483,0.4503178,0.3505418,0.32729456,0.4183448,0.4441469,0.47063592,0.46850285,0.3309007,0.55341595,0.39565852,0.40698954,0.4505075,0.48305157,0.38554537,0.6276,0.43954733,0.34512743,0.37618378,0.30367866,0.32079154,0.53102887,0.35073027,0.45036885,0.40096974,0.40725586,0.4003937,0.36350262,0.4394768,0.47324118
93,0.56365734,0.6908308,0.43033287,0.22320138,0.46995097,0.3593499,0.41100052,0.46077582,0.4410932,0.31873262,0.33082774,0.4224216,0.45763505,0.40730906,0.49368194,0.3163545,0.50830734,0.38007346,0.41176167,0.4539172,0.46154565,0.36041224,0.6599109,0.41425872,0.38328958,0.36252168,0.293033,0.29378197,0.51501805,0.3349766,0.4433877,0.3643193,0.40712363,0.4136218,0.38980785,0.46729726,0.47693762
94,0.5548482,0.7061222,0.40832347,0.1911108,0.43453807,0.3655041,0.37530497,0.4650922,0.42328337,0.3261883,0.32229328,0.3704847,0.4471388,0.39594826,0.4893496,0.3072383,0.4665679,0.3601004,0.39864945,0.45674038,0.4733473,0.4238809,0.6295451,0.44686335,0.36792675,0.37910193,0.3086045,0.3148397,0.50832176,0.30663675,0.44864923,0.33412704,0.3722209,0.3732181,0.32955208,0.40542218,0.47831282
95,0.5723516,0.65965015,0.3831221,0.20496775,0.4125162,0.38247505,0.3884311,0.47445428,0.40769103,0.328415,0.35210472,0.42829788,0.44787356,0.4034223,0.47232482,0.28102824,0.44076595,0.3860386,0.3626829,0.50753886,0.47582778,0.5229446,0.5673329,0.4261237,0.36146614,0.36543632,0.30929136,0.27903226,0.46263638,0.29929113,0.42778176,0.40558794,0.40067965,0.41198346,0.34162167,0.4326104,0.46088523
96,0.54795104,0.6837318,0.38006073,0.22608519,0.44494024,0.40117416,0.38792875,0.4727612,0.40864232,0.32757673,0.30635554,0.41240558,0.43771937,0.42380276,0.4509984,0.2992869,0.500695,0.4014653,0.37430593,0.46274295,0.49655426,0.5169297,0.5574417,0.40970722,0.37107068,0.35440537,0.3074922,0.27971554,0.48085943,0.33161646,0.43535164,0.3893039,0.3960678,0.42316517,0.3613212,0.41633222,0.46084112
97,0.5320722,0.7025818,0.40061197,0.19414532,0.46947324,0.37255284,0.43323293,0.45524597,0.46356642,0.32910928,0.29471907,0.38482606,0.4519848,0.40108088,0.44572705,0.29930183,0.50732327,0.40557635,0.39815927,0.4372789,0.4542271,0.46965367,0.6076974,0.3972818,0.37469274,0.3773771,0.31603506,0.276488,0.48984528,0.32298636,0.41971055,0.37547383,0.39500993,0.40681773,0.3669344,0.39705172,0.46047443
98,0.5648019,0.6909881,0.3276437,0.19997638,0.42778322,0.4189942,0.3781184,0.46275663,0.4156116,0.33188027,0.31711277,0.3858786,0.43656313,0.38300923,0.41528848,0.2437077,0.46854168,0.39844722,0.3705687,0.45935556,0.46362397,0.45937634,0.6197732,0.41895613,0.34275326,0.3637036,0.2748805,0.24159758,0.4798912,0.29466993,0.42588642,0.40135118,0.41532582,0.40675217,0.37277547,0.40663546,0.45290634
99,0.58589697,0.7029937,0.37507582,0.20006372,0.42658517,0.37392023,0.40472227,0.46076962,0.37574002,0.33953053,0.30354378,0.37631258,0.4335188,0.3833293,0.44110963,0.25998664,0.45995173,0.37110254,0.38021895,0.45393628,0.44231638,0.38227168,0.6528407,0.43972465,0.3451688,0.37463808,0.3099166,0.27025282,0.47710493,0.30575255,0.44433266,0.37852064,0.41427377,0.4024066,0.34457147,0.40871423,0.4609104
100,0.6162677,0.6960447,0.33491948,0.23725167,0.44907,0.39876634,0.40497568,0.4596725,0.38839218,0.321531,0.29778942,0.42957994,0.425888,0.41743305,0.44325164,0.23112816,0.44527718,0.43076688,0.3614701,0.49390575,0.4744024,0.41678283,0.6037171,0.42615634,0.35536945,0.36573458,0.29837623,0.25244308,0.46663803,0.2877811,0.41234863,0.37630954,0.39959195,0.45481816,0.35986713,0.42329034,0.43346146
101,0.6464706,0.683743,0.35882255,0.2430725,0.46282348,0.38966882,0.4286242,0.46676925,0.400514,0.32139692,0.31475082,0.40982652,0.4455226,0.42461425,0.46260944,0.25722754,0.43865076,0.43576077,0.38021132,0.4867524,0.46607843,0.45635912,0.60609466,0.42102796,0.3590309,0.39220136,0.3021987,0.26452845,0.5022701,0.29322845,0.4417606,0.38274074,0.39254427,0.4456559,0.3316794,0.39624158,0.40476704
102,0.6479821,0.6837125,0.40044287,0.2178732,0.49230602,0.38434225,0.4002232,0.4854033,0.39846772,0.34229147,0.30883515,0.4070277,0.4472766,0.43885458,0.493963,0.26781505,0.41852772,0.43727508,0.37110385,0.48175266,0.45528382,0.47181764,0.54804945,0.43453473,0.35205758,0.366102,0.3115496,0.28228566,0.50498384,0.27929172,0.43219137,0.36503416,0.37698025,0.4214691,0.34532645,0.40106374,0.44345632
103,0.6446762,0.6621325,0.3663739,0.2486467,0.4973604,0.42829257,0.41291323,0.4499321,0.4117571,0.34735817,0.28514042,0.40214893,0.41523224,0.45438546,0.47249064,0.26113093,0.4557958,0.46557528,0.3907552,0.4691312,0.4948863,0.46141815,0.57686144,0.4284659,0.35019216,0.379353,0.29976743,0.26533288,0.5089542,0.29931018,0.41662535,0.3544053,0.39609542,0.43922403,0.38121074,0.38922754,0.4307547
104,0.64833736,0.70335865,0.3247867,0.22228704,0.46502435,0.37977573,0.39815944,0.42595926,0.39327985,0.30470532,0.2533948,0.39493924,0.41314122,0.44096878,0.4711636,0.23082475,0.40567377,0.4353934,0.36988777,0.49098533,0.47510114,0.37402603,0.60520774,0.43385145,0.33333212,0.34615007,0.29598552,0.24378686,0.49274805,0.28331316,0.41834748,0.35018617,0.3566867,0.41756332,0.37946162,0.4367653,0.43518424
105,0.636109,0.68565875,0.32964382,0.22855693,0.43998703,0.40109038,0.37750778,0.449902,0.3722459,0.31741512,0.26979673,0.4133015,0.41072726,0.42734218,0.45979512,0.23707,0.42804807,0.45692274,0.35628393,0.5041615,0.50620806,0.3954579,0.5756331,0.43042165,0.34747714,0.35169664,0.29500878,0.2458282,0.4913494,0.2801723,0.41057447,0.36930102,0.38273647,0.43653443,0.3688204,0.42878973,0.4447803
106,0.6369992,0.752755,0.32298186,0.18414697,0.43771636,0.37337908,0.38221294,0.45130655,0.37156147,0.32318768,0.2572422,0.4153704,0.40287787,0.41681322,0.44848937,0.22214305,0.41666922,0.41887605,0.3589294,0.46657875,0.47172594,0.299261,0.6601845,0.41774,0.32286486,0.3414043,0.2931393,0.24966024,0.48773983,0.28366178,0.4219971,0.3718774,0.36539477,0.41090584,0.36951885,0.40634534,0.4568518
107,0.6363929,0.7336687,0.34623957,0.21130429,0.4627309,0.36460498,0.41237912,0.44665354,0.38783607,0.31739137,0.29123044,0.4234917,0.4091037,0.4064642,0.45429578,0.2632381,0.43038315,0.403889,0.3953366,0.47818062,0.46041358,0.33272308,0.65990865,0.41913038,0.34603637,0.3371066,0.3149865,0.28020212,0.5087763,0.29026362,0.42394847,0.3593312,0.36851406,0.41945204,0.36752754,0.40940216,0.41873878
108,0.6446265,0.7509929,0.34877995,0.19232807,0.47356674,0.3432121,0.4038914,0.4545456,0.41120103,0.3165654,0.27515727,0.3866198,0.41304675,0.38928488,0.47654432,0.29287508,0.45111704,0.4264541,0.3586587,0.43345386,0.47742075,0.28965914,0.66196764,0.42192492,0.34508568,0.32861942,0.28590298,0.28345555,0.50311244,0.30141473,0.42536402,0.36175537,0.37770507,0.4252808,0.35297093,0.4094028,0.43964797
109,0.676567,0.7120656,0.36037076,0.18802212,0.48981413,0.3898545,0.40938312,0.4206622,0.40348467,0.30209187,0.2773712,0.36917594,0.4136332,0.40214193,0.4891963,0.29264498,0.47639495,0.40219,0.37823787,0.43151796,0.5059086,0.3349949,0.64468116,0.40441608,0.34230894,0.34305322,0.2823374,0.28089836,0.5136613,0.28631958,0.4235631,0.35719228,0.35669914,0.42625552,0.33193862,0.36722484,0.4267174
110,0.6831769,0.79592806,0.37289968,0.1993982,0.46406892,0.34539896,0.38581425,0.44400784,0.4071515,0.29318082,0.29810855,0.4019683,0.4543644,0.39490113,0.4131316,0.2850318,0.41865045,0.40723592,0.3395004,0.45137948,0.46466288,0.24890333,0.71292335,0.4048491,0.39415854,0.3268822,0.30552748,0.3062321,0.47966507,0.26791868,0.37807587,0.32731628,0.35458976,0.39461026,0.35613593,0.38578132,0.40525317
111,0.6343937,0.688292,0.36639076,0.25048265,0.46896794,0.36481968,0.45462382,0.44552025,0.43242475,0.31373674,0.30092123,0.39114848,0.407344,0.40314028,0.466986,0.31760186,0.4776843,0.44681707,0.39123154,0.44190052,0.48406225,0.33722672,0.63042414,0.43156338,0.39363334,0.3687756,0.320239,0.3153498,0.49214572,0.3083965,0.4261527,0.36502343,0.39042482,0.4261267,0.32590243,0.40186295,0.43628496
112,0.66310894,0.7442864,0.39223018,0.30264837,0.4812865,0.36235055,0.48468813,0.4587045,0.40887442,0.32794014,0.34359577,0.38951465,0.44115555,0.37400398,0.4444676,0.32689217,0.48612607,0.4610469,0.36535373,0.44653362,0.4456345,0.24924009,0.7165615,0.40507492,0.41587204,0.3210673,0.33318496,0.34284443,0.48683766,0.31458724,0.38836554,0.373559,0.4044005,0.4017475,0.31324574,0.42077148,0.43154135
113,0.661742,0.7645275,0.39027354,0.22066857,0.4911086,0.3009074,0.43298438,0.4487357,0.40351954,0.31132242,0.28141296,0.40526563,0.42746112,0.3781743,0.42345047,0.32699418,0.47004136,0.42676312,0.33663806,0.4129072,0.44779354,0.19490835,0.74362457,0.41094053,0.3939467,0.29156792,0.31868154,0.32200065,0.48253652,0.2839958,0.3869836,0.34176397,0.37247285,0.39096415,0.31631568,0.4380776,0.44515654
114,0.637879,0.7567374,0.34737766,0.27516353,0.4974425,0.33739936,0.4216372,0.47381595,0.3907249,0.32837632,0.3174196,0.39222777,0.5130108,0.40676457,0.4151567,0.2818373,0.45264173,0.40136278,0.3372511,0.41297612,0.4311493,0.18645835,0.76288044,0.4239609,0.38035104,0.3045492,0.34773672,0.28692722,0.48512563,0.2750455,0.41819355,0.33371434,0.39275074,0.3673965,0.3080759,0.44177765,0.4555848
115,0.62453103,0.7311687,0.36142108,0.27990416,0.46381325,0.3535264,0.4097423,0.47845992,0.36664516,0.33589563,0.35451955,0.4087031,0.48977515,0.39699578,0.4408801,0.31998488,0.48088777,0.41710663,0.39774826,0.40764624,0.47761455,0.2265973,0.7438389,0.42553806,0.38181996,0.31945485,0.31974098,0.30359912,0.52845675,0.31671777,0.40074065,0.37122834,0.3622497,0.3959975,0.32988784,0.45731083,0.45690393
116,0.64405364,0.7037104,0.35358587,0.28685224,0.48626342,0.3443068,0.3959393,0.46128774,0.3952326,0.30903342,0.38471487,0.38998273,0.49813834,0.40675426,0.43164065,0.32948515,0.47883704,0.43238205,0.38420296,0.44857037,0.46064186,0.24438722,0.7364709,0.422773,0.43645993,0.32501537,0.32213524,0.3033787,0.4805612,0.32198822,0.3736009,0.36895275,0.37309748,0.39580998,0.31905594,0.4149387,0.41214046
117,0.6646968,0.68553865,0.3355007,0.29909202,0.48736033,0.3648126,0.3787382,0.48093992,0.34668946,0.29831547,0.4186364,0.45240435,0.47424817,0.39480045,0.4302824,0.35254002,0.46517903,0.4350007,0.4014487,0.44142038,0.41981208,0.1944728,0.7744015,0.45260468,0.37678546,0.34006736,0.35393304,0.2767466,0.49150854,0.3569154,0.3577841,0.414908,0.42469648,0.38232505,0.29730392,0.42836997,0.40163207
118,0.6314165,0.6801902,0.2936833,0.36338523,0.5117154,0.33595768,0.41823876,0.47877276,0.34643152,0.24090591,0.344376,0.44550633,0.4240018,0.42619678,0.42218497,0.3201632,0.46469784,0.4238599,0.3722296,0.39472237,0.39851376,0.14118391,0.81017816,0.44235715,0.3168714,0.34130412,0.31098878,0.2363052,0.4710453,0.35083064,0.3207586,0.40991777,0.41979983,0.34796518,0.2670362,0.38816798,0.47430798
119,0.6071493,0.65844303,0.2855413,0.31157997,0.51869696,0.3497027,0.37137407,0.43993965,0.3425633,0.28268674,0.35102716,0.4075103,0.38229162,0.39645264,0.36232746,0.34574887,0.48518866,0.43757588,0.38458464,0.4114499,0.4208246,0.14158733,0.8228518,0.44564953,0.3453523,0.31924814,0.38100868,0.22612783,0.49482712,0.36513287,0.32903454,0.39750087,0.43013245,0.37772685,0.24868298,0.3849106,0.47639883
120,0.5877611,0.66575176,0.31104457,0.32853097,0.50444025,0.38475722,0.38301682,0.424709,0.36064386,0.31574935,0.3178668,0.3986862,0.39936686,0.388761,0.3946446,0.35895556,0.5014863,0.3999965,0.39616433,0.4138597,0.43972558,0.16719286,0.7973403,0.48503378,0.33056495,0.36719182,0.35375798,0.26476997,0.4903238,0.4140011,0.35947284,0.4068411,0.46080548,0.37948158,0.30176628,0.37616113,0.49618483
121,0.61926126,0.67759234,0.34068623,0.29602554,0.5312762,0.35828108,0.38575867,0.4297277,0.3660098,0.32407546,0.3071227,0.43286514,0.44349745,0.38368058,0.38385403,0.33603507,0.46566036,0.38166675,0.35699674,0.3949542,0.4191462,0.17828389,0.8026918,0.44705892,0.29825303,0.36224943,0.35210374,0.26081064,0.502306,0.3258517,0.33694667,0.3922451,0.44511837,0.39724514,0.30344963,0.39256814,0.4481692
122,0.61661226,0.6620105,0.3275232,0.28521654,0.5362404,0.3632212,0.42359552,0.42413473,0.39098033,0.33592385,0.3227879,0.4444937,0.4475131,0.43136492,0.35514978,0.34964815,0.479251,0.44130883,0.3899443,0.39975238,0.39254948,0.21372187,0.76937383,0.4408728,0.3453577,0.35831416,0.35950688,0.27600923,0.48496228,0.33088136,0.40936175,0.4248681,0.45089328,0.40182123,0.33183375,0.44051263,0.47463867
123,0.6193192,0.69499975,0.33780393,0.2562527,0.49449387,0.35675177,0.35456505,0.43406597,0.40087256,0.28051573,0.37820235,0.4291685,0.46710345,0.42347696,0.4071369,0.35445765,0.4859838,0.41942972,0.36342755,0.4204855,0.42688128,0.17719674,0.7750282,0.436286,0.36606342,0.3548554,0.31321737,0.24351974,0.49110633,0.3357188,0.37158847,0.36945117,0.40285134,0.3561352,0.35570905,0.3942893,0.42788324
124,0.60971475,0.71157527,0.34717828,0.21530867,0.493302,0.34952796,0.3842168,0.45117575,0.42847413,0.31745976,0.35336584,0.42649326,0.47379988,0.3914566,0.40280318,0.37419125,0.49242768,0.40507945,0.35458508,0.4099463,0.4357926,0.19969279,0.7732833,0.41752788,0.36869976,0.36385435,0.32113004,0.26800102,0.5008714,0.30916905,0.36582944,0.37511814,0.40246952,0.35816163,0.3143505,0.41648775,0.44413581
125,0.6437215,0.694376,0.3406989,0.2581556,0.5072003,0.3612714,0.40288687,0.4327787,0.4161128,0.3018651,0.40325835,0.38778874,0.43335685,0.43172,0.44238243,0.3530603,0.47415274,0.42434344,0.37377724,0.4176617,0.3925528,0.21520908,0.76937103,0.42370054,0.39892814,0.33787587,0.34643897,0.26120847,0.4915161,0.33437642,0.37936375,0.37277725,0.39679486,0.34008503,0.34212384,0.43810657,0.4153702
126,0.61351603,0.72009903,0.31121233,0.2558819,0.5055015,0.31657082,0.37956718,0.4662353,0.41627735,0.29667243,0.30782458,0.37379876,0.43018234,0.421717,0.43574703,0.3671812,0.47849104,0.40858406,0.34674925,0.40475932,0.45675346,0.19129452,0.8101638,0.3938131,0.34693,0.35453862,0.3188494,0.227033,0.48606342,0.33554897,0.33923438,0.35707614,0.41043153,0.36799255,0.31337148,0.41249773,0.46629533
127,0.5912688,0.68795747,0.431856,0.26112574,0.4644389,0.42801306,0.41327322,0.4475247,0.4256152,0.38184837,0.38324383,0.37592867,0.46625116,0.44678852,0.4719274,0.3336504,0.49434257,0.39605927,0.4348978,0.4557931,0.47045872,0.4601285,0.56588143,0.4316664,0.3777663,0.38092214,0.3630017,0.32268083,0.44943303,0.29202735,0.4568668,0.36410686,0.38675487,0.39551815,0.35502437,0.4120016,0.46594432
128,0.56645596,0.6585786,0.44747728,0.26421362,0.4542335,0.43034586,0.40145904,0.49116558,0.39657566,0.36767617,0.37470365,0.403319,0.46422413,0.41131812,0.48154387,0.31992263,0.46565038,0.3965584,0.44485083,0.45855233,0.46575597,0.56274587,0.48409683,0.4439864,0.3958844,0.40748146,0.3479225,0.30453327,0.4907559,0.27665752,0.43964216,0.3285326,0.37971756,0.3872124,0.32791784,0.4116049,0.48626658
129,0.5576537,0.67754614,0.4387215,0.24595113,0.43419144,0.43417418,0.38529587,0.477046,0.41148064,0.37232122,0.34656876,0.44003427,0.4769734,0.41132972,0.45855215,0.31656507,0.46560588,0.37817287,0.43181726,0.456638,0.46613395,0.4259545,0.6031092,0.42438042,0.38520283,0.3870368,0.33844018,0.28435022,0.49054867,0.2959912,0.44264328,0.37865707,0.4062542,0.363243,0.3857076,0.44732052,0.47793338
130,0.5568953,0.6608376,0.37094846,0.30203038,0.47656584,0.4170381,0.39705387,0.43310678,0.4283684,0.33999547,0.38478452,0.41303813,0.47747678,0.42786044,0.42072412,0.33732745,0.47104153,0.42671996,0.41089854,0.502461,0.4373012,0.33718896,0.6833127,0.4961285,0.38702697,0.43267938,0.38724664,0.25384754,0.5008975,0.2969281,0.42010278,0.39296183,0.4405875,0.364203,0.36473086,0.42091563,0.412037
131,0.5261347,0.6517003,0.41591755,0.30950943,0.48321593,0.4456239,0.3653334,0.4906018,0.40926448,0.33614588,0.41149274,0.43987665,0.5042596,0.43106732,0.4514899,0.37754053,0.44662622,0.43796664,0.40085855,0.4818261,0.43233812,0.3985374,0.6061598,0.44277206,0.3638746,0.39088407,0.38297075,0.2961611,0.47811782,0.2634946,0.42845947,0.39988673,0.43479475,0.3664011,0.39448106,0.43752733,0.4606388
132,0.53091943,0.65724516,0.37494284,0.28030977,0.47970796,0.44161984,0.3813857,0.44442183,0.4139082,0.34431595,0.38605,0.418292,0.4539638,0.38706028,0.41384792,0.35317105,0.43524402,0.42473346,0.39522278,0.42216834,0.41483116,0.2803429,0.69232553,0.4773976,0.3892296,0.37612852,0.3903671,0.28318372,0.4624299,0.3128278,0.3908205,0.38799208,0.45617834,0.3994404,0.37313345,0.4165771,0.4236853
133,0.5620038,0.68134034,0.31143507,0.22323374,0.49230376,0.41619128,0.34022868,0.41709545,0.4001235,0.30799368,0.3826375,0.40771857,0.44538778,0.3889379,0.42051727,0.35476783,0.4813329,0.43633565,0.36755824,0.4230578,0.4208806,0.24625455,0.75991946,0.4682979,0.34729454,0.3878078,0.3463615,0.24333765,0.5166626,0.34338647,0.41169223,0.3630953,0.4470784,0.3735001,0.35094005,0.36587846,0.45308894
134,0.53822404,0.6701031,0.33566138,0.21804777,0.5083053,0.3946536,0.37378776,0.38352075,0.418424,0.3688028,0.34653288,0.38996574,0.44718277,0.3833862,0.43825248,0.3424493,0.51805145,0.42617738,0.41648543,0.40003693,0.41057688,0.34220785,0.7062548,0.4801188,0.3701797,0.42437583,0.35855758,0.29553574,0.5297558,0.36218852,0.4264625,0.3509892,0.45291388,0.4144732,0.35290363,0.41614953,0.47856343
135,0.6222663,0.71271527,0.29995877,0.21311143,0.5376361,0.40927818,0.35926673,0.45421162,0.39380866,0.3275877,0.38738602,0.36715752,0.4162257,0.33677518,0.38714728,0.32111308,0.4786438,0.40127835,0.37798762,0.3898965,0.40047795,0.2276447,0.76299417,0.47561494,0.34992293,0.32997409,0.29805574,0.25933692,0.5212739,0.34590867,0.3855171,0.35334426,0.44456133,0.37956282,0.338867,0.39100686,0.4504143
136,0.6362395,0.7376917,0.3279559,0.2411285,0.49212816,0.4112948,0.36463636,0.4649592,0.4023884,0.33054852,0.3785706,0.35196066,0.4143532,0.36558965,0.39110157,0.33338746,0.48969823,0.38081086,0.3635544,0.38977042,0.42483163,0.25764018,0.75637764,0.45380574,0.38859513,0.3543636,0.32376966,0.27692193,0.50935906,0.33282647,0.39282662,0.37981606,0.43412817,0.40136647,0.33460903,0.40271205,0.41229734
137,0.6356137,0.72830933,0.34912443,0.22119103,0.53207725,0.39246488,0.3786019,0.44545567,0.4408718,0.306678,0.40667647,0.3711918,0.4275507,0.3604957,0.3969813,0.3172502,0.51447845,0.39637238,0.37250927,0.4110944,0.39266214,0.27263743,0.735036,0.43622762,0.41026017,0.33488402,0.34164962,0.26896256,0.5147212,0.33677644,0.39536664,0.36980337,0.4107872,0.4036204,0.35632893,0.36849463,0.44267985
138,0.5364155,0.69180155,0.38521168,0.25602654,0.48985624,0.40164223,0.38867587,0.46073082,0.3885451,0.3676142,0.39505005,0.39043185,0.4791221,0.4021668,0.44052067,0.32713112,0.48579377,0.3834105,0.36912766,0.40752155,0.38657266,0.43567687,0.6122419,0.43914697,0.40055826,0.42999035,0.34749573,0.27008975,0.5057419,0.33430174,0.3986986,0.3638741,0.44584674,0.45157564,0.359064,0.41584957,0.4294799
139,0.59085387,0.7571488,0.34473297,0.25316843,0.5123553,0.4461713,0.39492327,0.4090706,0.38889065,0.35283473,0.3969249,0.38626403,0.45281714,0.39797336,0.4640501,0.3120604,0.448051,0.40962833,0.4223923,0.42916164,0.4357963,0.36251444,0.7163291,0.44926125,0.40084478,0.37845218,0.33876437,0.30126047,0.48755017,0.33272654,0.41132605,0.36767474,0.38226333,0.35221052,0.35039666,0.40946972,0.4268486
140,0.5596846,0.71694124,0.38573265,0.27942008,0.4735507,0.4125582,0.40050647,0.45688313,0.36925358,0.36559922,0.37898427,0.37912557,0.4324107,0.39760885,0.46074584,0.31231192,0.4457269,0.3774022,0.37116256,0.41554785,0.42708492,0.4707357,0.6436497,0.4617888,0.40878692,0.42585242,0.35035187,0.3146356,0.5006022,0.33627772,0.41602647,0.35940495,0.43336293,0.3708388,0.3621359,0.44284728,0.42663047
141,0.5463319,0.7487903,0.36427945,0.21911745,0.4790703,0.40358463,0.39527857,0.47027987,0.40187258,0.3332021,0.35877663,0.37239796,0.40495333,0.40989605,0.47405598,0.2618434,0.44252908,0.38298756,0.36566022,0.398688,0.44697243,0.5696049,0.63579005,0.42911658,0.38071862,0.38913527,0.32493207,0.28825846,0.5016301,0.29936302,0.41041505,0.3266701,0.41906816,0.37651053,0.31016353,0.40881884,0.41325748
142,0.5457478,0.73470724,0.33906218,0.21999061,0.49628147,0.4035537,0.42637104,0.48001918,0.41603795,0.32948634,0.32643238,0.31760243,0.3800622,0.36938182,0.48365304,0.27818283,0.42816925,0.34726733,0.35381278,0.35407206,0.46047118,0.52215296,0.6714528,0.4390291,0.3685241,0.37616456,0.34071022,0.30038318,0.46951202,0.31936857,0.42329806,0.31879088,0.4227796,0.38428402,0.3243273,0.38319635,0.41241834
143,0.5833309,0.7569672,0.31061497,0.214731,0.4397834,0.38663822,0.3887428,0.46572387,0.39741802,0.3334165,0.31791392,0.32609922,0.37820655,0.36925858,0.45541304,0.3108978,0.48251453,0.36400244,0.36344033,0.38646573,0.44825566,0.55391884,0.70197403,0.42293024,0.4093497,0.38313767,0.33768454,0.26801938,0.5337656,0.32561108,0.46343935,0.31350133,0.39684638,0.38348573,0.3315628,0.37690327,0.43079245
144,0.54053307,0.7262584,0.32253864,0.20048702,0.46375367,0.37121198,0.3582403,0.45693877,0.4339513,0.3180812,0.3398631,0.29051477,0.36420086,0.37697518,0.4622036,0.25042623,0.43707526,0.38244596,0.33952454,0.40086943,0.4728328,0.6931461,0.6491326,0.47292674,0.40001103,0.37232706,0.34688562,0.29637802,0.5194842,0.29149726,0.41344854,0.33439183,0.39197674,0.36567837,0.3242665,0.3910989,0.41971737
145,0.55138105,0.76023704,0.2937727,0.20565169,0.46678156,0.39494932,0.33350563,0.45180234,0.39644,0.34000194,0.3806858,0.32445458,0.39711684,0.38247505,0.45001233,0.25586432,0.42174208,0.39442888,0.32108444,0.39807397,0.48523384,0.69564277,0.6381933,0.45790955,0.3965402,0.38861477,0.3087511,0.27562127,0.52577925,0.26902944,0.41167066,0.29965538,0.386524,0.36740974,0.3165115,0.39195228,0.40809798
146,0.5669456,0.71225613,0.3179549,0.2121354,0.49049875,0.3660438,0.41361937,0.39791694,0.42228317,0.33895677,0.33729428,0.3302556,0.43307677,0.3510982,0.43289357,0.32310915,0.4071064,0.42055205,0.3363464,0.40879932,0.49804455,0.6898307,0.6274154,0.39010018,0.4817108,0.40675995,0.31461248,0.3211573,0.49540883,0.28361338,0.40302178,0.39299077,0.3828335,0.39125738,0.34960744,0.37357467,0.393473
147,0.5855688,0.67428976,0.34109938,0.207186,0.47557655,0.45117804,0.4049082,0.41960958,0.41624513,0.36049083,0.34820977,0.29618984,0.4502646,0.38543707,0.45293745,0.28664976,0.39971015,0.40460443,0.38328776,0.41071373,0.48591083,0.8285342,0.5191984,0.39172584,0.4198563,0.39563718,0.29851833,0.33313742,0.4712256,0.26805356,0.42731142,0.35004258,0.355739,0.3621572,0.34397796,0.38331914,0.4078271
148,0.5924858,0.65612394,0.35966748,0.2206572,0.49035358,0.46561572,0.40612304,0.44869816,0.43720496,0.3758567,0.35729903,0.3186362,0.44359845,0.4031864,0.44681868,0.27657753,0.40609184,0.39501417,0.40102234,0.42729214,0.4856978,0.85321397,0.4768167,0.39703196,0.42918175,0.3848606,0.3026726,0.33030733,0.5030262,0.270199,0.43606442,0.33974475,0.37844422,0.38651645,0.34074306,0.3946112,0.4329251
149,0.5931346,0.65413755,0.3563695,0.24216223,0.48283377,0.44623482,0.39823675,0.47044626,0.44668907,0.34556487,0.32201755,0.33119026,0.44222927,0.38943684,0.46723852,0.27513984,0.3940804,0.40680543,0.396982,0.44142053,0.471831,0.85351443,0.48003402,0.38805994,0.42226386,0.3767541,0.31835854,0.32935354,0.4876558,0.25264376,0.41811115,0.36528248,0.37173733,0.39274362,0.34656507,0.41759294,0.4387226
150,0.60371137,0.6538604,0.3667638,0.22416887,0.49295712,0.4436082,0.40518445,0.46733087,0.4236212,0.34234437,0.34057346,0.32503366,0.45632362,0.3798415,0.45795688,0.2800077,0.3793533,0.38476336,0.3833459,0.44445392,0.46267256,0.84809047,0.47122186,0.37930804,0.42502245,0.37992766,0.31657192,0.36650097,0.4525308,0.2596558,0.42552632,0.36984244,0.34328413,0.37672064,0.35884905,0.4082341,0.43289888
151,0.6025013,0.6212209,0.39098474,0.2370619,0.48643214,0.4368804,0.38930088,0.48696122,0.44188598,0.34555644,0.31717327,0.3337096,0.4585021,0.3919675,0.47764027,0.2712939,0.3927907,0.38238242,0.38137406,0.4160031,0.4555307,0.879258,0.42472097,0.39599785,0.4010022,0.36460865,0.318054,0.33277637,0.48919138,0.2528645,0.42876154,0.32774523,0.36222917,0.405229,0.35251686,0.40703622,0.49668
152,0.5989293,0.6386378,0.3746838,0.24224629,0.47315854,0.41751066,0.4063622,0.47715303,0.43918815,0.331076,0.31177345,0.31693748,0.44188076,0.40139827,0.46668485,0.25775176,0.38510936,0.4097782,0.37970623,0.4104766,0.45684674,0.8949187,0.42336914,0.3660373,0.39853755,0.34951764,0.30663115,0.317359,0.46338096,0.22614051,0.39925787,0.32359448,0.3478576,0.4204414,0.34126228,0.4007769,0.45650268
153,0.5709577,0.6262281,0.3803941,0.22381528,0.47521213,0.4396474,0.3977012,0.47506347,0.44228104,0.33003956,0.31697497,0.34289333,0.44494477,0.41649163,0.44934654,0.2580643,0.39915076,0.37034658,0.37057745,0.42178324,0.45247403,0.88915706,0.40972355,0.38391054,0.39191666,0.35135642,0.29388762,0.30846503,0.4778727,0.24437329,0.41666377,0.32574263,0.3495223,0.41554818,0.3491662,0.3976958,0.46986833
154,0.59189767,0.6484268,0.34704775,0.22368582,0.47854343,0.43856448,0.39161068,0.4767805,0.44463187,0.3161375,0.31106064,0.32307258,0.42367855,0.40475637,0.4553105,0.24400713,0.3809685,0.3781722,0.38263494,0.407604,0.45630476,0.8854142,0.43128523,0.3745191,0.3783882,0.35376203,0.29800832,0.32021707,0.46931776,0.25040963,0.42194656,0.33483216,0.33618852,0.40574315,0.32801762,0.4034721,0.4394125
155,0.5842004,0.61512417,0.3706842,0.23947726,0.46968752,0.4248305,0.40090764,0.474717,0.42543757,0.33975402,0.29896238,0.3083706,0.4310747,0.39784783,0.4874819,0.266363,0.3827483,0.40194556,0.39416423,0.39282492,0.48226538,0.89633936,0.42358485,0.3767518,0.3896838,0.3306452,0.31754363,0.30721408,0.46410286,0.25375107,0.42804748,0.30844992,0.34680116,0.42316902,0.32869175,0.40665004,0.4895786
156,0.55997044,0.59906226,0.36620685,0.26656803,0.4832328,0.45266184,0.4129529,0.4778355,0.43836862,0.36242798,0.32250926,0.3305349,0.4208362,0.40999028,0.50326335,0.28400162,0.38547066,0.4071751,0.41463932,0.394792,0.5035173,0.88041425,0.46623892,0.38267884,0.40336487,0.32951078,0.3096035,0.3269288,0.5068117,0.30161577,0.4328406,0.33866656,0.34966204,0.40717748,0.32390833,0.42933676,0.48623964
157,0.5833049,0.6129172,0.3599276,0.24598783,0.4782886,0.43004054,0.3881906,0.48826945,0.44493967,0.34063843,0.3181481,0.3254931,0.3994005,0.41469687,0.4890314,0.25492314,0.38522312,0.39426568,0.3893458,0.39806706,0.48114577,0.8833492,0.44122976,0.38488588,0.39104763,0.32446828,0.3168133,0.30886722,0.48219532,0.27971962,0.41443792,0.31869483,0.34944132,0.41036776,0.32501155,0.41562155,0.47619888
158,0.58050656,0.62527263,0.3603258,0.25541982,0.4905834,0.4423446,0.3974034,0.4959491,0.4564892,0.34642118,0.3213777,0.34021926,0.40170044,0.4253083,0.48738146,0.25468764,0.38730815,0.41130224,0.3933046,0.39062098,0.4914496,0.87316066,0.44160208,0.385039,0.40084687,0.33628488,0.31435382,0.33580115,0.4868537,0.2864462,0.4228666,0.33368498,0.33451837,0.3912781,0.32700494,0.42410687,0.46321163
159,0.5837439,0.63745916,0.35815832,0.21306522,0.47915965,0.43746883,0.36998802,0.4876433,0.4634499,0.33595067,0.31224275,0.33500525,0.43110508,0.4090023,0.46991286,0.24437575,0.38213983,0.38156274,0.37587103,0.40255806,0.47217733,0.8867195,0.39709023,0.38646835,0.3764724,0.33347028,0.30436435,0.3387172,0.4753471,0.2509155,0.41543517,0.3210848,0.33669475,0.4137901,0.3386843,0.409246,0.45727563
160,0.5957529,0.65024865,0.36832243,0.21351965,0.46620062,0.4170772,0.375454,0.4989667,0.44837934,0.3197186,0.30854425,0.3346543,0.43377158,0.37962732,0.4669573,0.24149548,0.39905474,0.40398577,0.3666978,0.415948,0.4624032,0.8969249,0.38243133,0.38387895,0.3893886,0.34483075,0.3084077,0.3288091,0.46686137,0.22790991,0.4010258,0.29517493,0.33192477,0.4226224,0.32708016,0.40206334,0.4549505
161,0.6004155,0.6601661,0.36049598,0.19267917,0.47993186,0.38992012,0.38331234,0.4974109,0.46084744,0.3027232,0.31783384,0.32308593,0.42963558,0.38852343,0.4740836,0.22658473,0.3979495,0.42172563,0.3715244,0.42505965,0.44853973,0.89166045,0.3597799,0.3635503,0.39121598,0.35979533,0.3052609,0.32444713,0.44735578,0.21680422,0.38379598,0.31807864,0.3350809,0.4347257,0.32545656,0.39985958,0.4308956
162,0.6172767,0.69970036,0.36258766,0.22452995,0.45824665,0.4280053,0.39956003,0.46421766,0.41313002,0.33362123,0.29605857,0.30078825,0.4338564,0.40808657,0.46904615,0.22576253,0.3704382,0.4117779,0.36906368,0.39004427,0.4330291,0.8107019,0.45170778,0.41462466,0.3699039,0.3838703,0.35039625,0.32579434,0.43730736,0.22004853,0.4336358,0.37468833,0.35941678,0.3775756,0.34321848,0.39406335,0.43640244
163,0.6262848,0.63985765,0.36556217,0.19519308,0.50493306,0.4127288,0.37068462,0.5108532,0.44638553,0.34846732,0.32841623,0.30863452,0.4711887,0.38158932,0.48226643,0.2500153,0.40568468,0.40749633,0.36264077,0.41471037,0.46748057,0.8594755,0.38576612,0.38976955,0.39123952,0.36406985,0.3087115,0.35262308,0.46978727,0.2418237,0.4287284,0.3222674,0.3462103,0.38414127,0.34394518,0.43736947,0.4537589
164,0.61685413,0.6348003,0.369208,0.23833527,0.50636214,0.4603265,0.41025344,0.49196205,0.44694018,0.38590828,0.34836632,0.36783442,0.46871242,0.4100327,0.5051084,0.2662224,0.4219448,0.4147321,0.42423177,0.40248352,0.4877371,0.8498172,0.38248894,0.41861105,0.4113205,0.3981992,0.29802588,0.36607343,0.48457187,0.25007272,0.4385402,0.34143874,0.3391315,0.42171264,0.33567822,0.40992817,0.45074674
165,0.6172716,0.62983894,0.370726,0.20411736,0.5000864,0.43664736,0.38036475,0.49138993,0.46200132,0.35680446,0.33989874,0.34450543,0.44961473,0.40569162,0.48817694,0.25147355,0.41270936,0.41248968,0.39358246,0.41039073,0.4655209,0.8559586,0.36634457,0.40379396,0.40511212,0.38741612,0.31238073,0.33416888,0.46849814,0.24622153,0.43335634,0.3066428,0.33843789,0.41463497,0.3340718,0.42605004,0.46001384
166,0.61394525,0.6359874,0.3901916,0.20259097,0.48325986,0.39766377,0.3681691,0.45582283,0.45296204,0.32368895,0.3298453,0.29981813,0.45979133,0.35386577,0.48960796,0.2618254,0.39810503,0.40107206,0.34943885,0.40551108,0.4687716,0.8167591,0.36327302,0.41161615,0.430932,0.39778545,0.3493016,0.30847284,0.44920582,0.19515924,0.435339,0.3374036,0.3912178,0.42159778,0.31769708,0.41158825,0.44846797
167,0.62108773,0.6650379,0.35915956,0.20187595,0.46015418,0.43094313,0.3485342,0.47829524,0.46456775,0.34862775,0.36700115,0.33162925,0.4637557,0.40371847,0.47018468,0.26360375,0.42949334,0.37084082,0.36838296,0.42799443,0.47724268,0.78320867,0.39467713,0.4065183,0.37128583,0.401105,0.31555593,0.3309344,0.4705684,0.2375276,0.43487614,0.31739563,0.40219143,0.40891474,0.3420327,0.42417416,0.40928394
168,0.6350778,0.69532096,0.3666763,0.17201771,0.46087444,0.40345109,0.35534698,0.4866484,0.44917563,0.3075749,0.32929742,0.30975115,0.45891517,0.3810144,0.4837096,0.2524945,0.40281904,0.3818136,0.33418164,0.39604813,0.45760435,0.800518,0.38185537,0.38786104,0.3839804,0.39261952,0.3112657,0.32500646,0.45355988,0.19820867,0.42285907,0.30941272,0.3829684,0.40349618,0.33523113,0.39566764,0.4131888
169,0.6297974,0.6972219,0.3610728,0.17657629,0.46855864,0.42052186,0.34072155,0.48539174,0.42654583,0.33599702,0.36740357,0.31493893,0.46349105,0.38730013,0.5239373,0.2612501,0.42308363,0.38928702,0.3585751,0.413748,0.48093385,0.84160626,0.38089544,0.40723264,0.41706482,0.39491817,0.3081599,0.3416896,0.4816345,0.22565426,0.40168962,0.2800914,0.35883275,0.39568692,0.334466,0.37562117,0.44252455
170,0.5575094,0.74796456,0.37849224,0.23822571,0.490952,0.3615323,0.40265816,0.3737542,0.42970166,0.39209247,0.41605133,0.3497841,0.50427365,0.4167165,0.48831367,0.2739091,0.4192884,0.42002636,0.38645,0.41202575,0.4799303,0.66213447,0.45917925,0.41064644,0.43794182,0.4034936,0.35095543,0.31559744,0.42948693,0.27397564,0.41323525,0.32283035,0.42643103,0.4573631,0.3667695,0.38587323,0.39840844
171,0.5839158,0.7237704,0.36087784,0.27983952,0.4892068,0.40253335,0.42074656,0.4237693,0.3651318,0.3596522,0.39619163,0.3736509,0.45730206,0.42757222,0.4634211,0.34724176,0.4826728,0.41093796,0.3724987,0.40174472,0.43142816,0.45328283,0.6102153,0.41566992,0.3591518,0.42326415,0.3262577,0.2608942,0.48733985,0.30879003,0.4372837,0.35864186,0.45443016,0.44550475,0.33315137,0.4071496,0.43498215
172,0.58030057,0.67828953,0.38784537,0.22766292,0.4965368,0.398895,0.38373786,0.4709484,0.4168357,0.38657284,0.42611754,0.3622075,0.4239286,0.44393453,0.48252043,0.31113452,0.42258653,0.41852015,0.38946834,0.4538683,0.47837982,0.69454664,0.49405923,0.41265804,0.41705105,0.4323862,0.31136587,0.33025566,0.48224264,0.30417565,0.42313647,0.36511165,0.40590522,0.49179822,0.32238516,0.43754858,0.45003387
173,0.5932916,0.643961,0.45008454,0.26907724,0.48599416,0.41237953,0.36794838,0.52187383,0.44596848,0.3926747,0.3866182,0.3772741,0.4570603,0.43283898,0.49567112,0.32925376,0.44106662,0.40595537,0.39508003,0.48743278,0.50000364,0.7664272,0.36355412,0.41996837,0.4140009,0.37523466,0.35404518,0.33077472,0.4788706,0.29160511,0.44925615,0.34728506,0.43630084,0.5208516,0.33404818,0.43905887,0.46730983
174,0.56708646,0.62260735,0.4223126,0.24240889,0.49788502,0.37385798,0.36855876,0.48616162,0.46590135,0.34138885,0.41397807,0.35518643,0.45229477,0.43547675,0.5058786,0.32633787,0.4425606,0.4381955,0.40357006,0.46267942,0.48390839,0.7318905,0.3947667,0.4417178,0.44675463,0.43702248,0.33692175,0.31864765,0.48748288,0.28408387,0.41921255,0.36608538,0.39312825,0.4661758,0.3531635,0.4561152,0.4596944
175,0.6074235,0.67745817,0.4096677,0.2729445,0.4753082,0.4263993,0.3669193,0.47937652,0.42887422,0.38652307,0.34291667,0.355667,0.44611275,0.4116872,0.48049322,0.304935,0.440558,0.4095817,0.39033353,0.4735867,0.48702544,0.8482798,0.29027504,0.4072993,0.3798748,0.37312302,0.26989332,0.29280773,0.46165773,0.23636822,0.36908025,0.29674533,0.36610654,0.44597962,0.3383116,0.40230787,0.4478909
176,0.6210871,0.66271937,0.41389734,0.24741714,0.47825092,0.41075194,0.38133377,0.46760723,0.43262208,0.36653,0.35028136,0.37227473,0.43291456,0.44007748,0.50167197,0.29396588,0.44375825,0.39873344,0.41264543,0.49310055,0.48587498,0.8519081,0.2834035,0.39058718,0.38919407,0.38251704,0.27758056,0.2806517,0.48174354,0.24384922,0.3776005,0.27539438,0.37013662,0.48073298,0.3337764,0.41536543,0.44814932
177,0.6261548,0.6288854,0.43915173,0.28977948,0.47770998,0.42393488,0.39068717,0.48904714,0.42177683,0.38885295,0.35429728,0.38542235,0.42225584,0.44318125,0.50697553,0.29460284,0.449398,0.42412487,0.4101602,0.4856535,0.49851924,0.8424256,0.28073257,0.41058344,0.394247,0.38497236,0.27486965,0.284638,0.50090593,0.24835272,0.3616391,0.27690253,0.35997272,0.47395045,0.34186122,0.42836446,0.43977675
178,0.6415896,0.66038764,0.447143,0.27702585,0.46868184,0.40975645,0.38274038,0.47301394,0.40299076,0.3859004,0.3572334,0.38113627,0.3952073,0.42907757,0.5087974,0.28744555,0.43691522,0.40853536,0.39883965,0.49353224,0.52223736,0.8187989,0.32447746,0.43442762,0.4164775,0.39460897,0.2645471,0.28213996,0.5297475,0.25126448,0.3805971,0.31554908,0.35629386,0.44751745,0.3311255,0.43486744,0.43612874
179,0.6302685,0.63474613,0.4392165,0.25797442,0.49584526,0.39431965,0.39424,0.4533418,0.41208106,0.3557103,0.3597681,0.37960684,0.42877525,0.44890246,0.50169927,0.28803226,0.43701732,0.40578836,0.375467,0.50129473,0.5017616,0.8258643,0.31500503,0.41077954,0.3966411,0.38614467,0.252332,0.28043985,0.49916598,0.24184638,0.39951852,0.28116825,0.3569517,0.45720434,0.34054163,0.44127232,0.4346483
180,0.6345131,0.63792014,0.43749833,0.26422036,0.49500364,0.40618172,0.4052635,0.47184992,0.39664182,0.3594227,0.3259707,0.37682804,0.40600052,0.44312698,0.5099254,0.2776847,0.43801206,0.41429538,0.38474452,0.49516067,0.4990284,0.814016,0.31670576,0.40786982,0.41131023,0.39084828,0.25940612,0.27557385,0.52246445,0.23233166,0.38662368,0.292391,0.3437839,0.4580464,0.31085578,0.44323993,0.44289172
181,0.63807094,0.6478612,0.43467164,0.23446508,0.51001024,0.42829368,0.41920048,0.46610886,0.4147822,0.36842272,0.3245556,0.36277482,0.40224937,0.4229003,0.50325215,0.3070437,0.42078272,0.41574153,0.38698882,0.47909015,0.49951762,0.78721744,0.3495141,0.40738615,0.42087156,0.39037606,0.27259493,0.30246913,0.51139325,0.27054405,0.41029468,0.29248273,0.34306452,0.41841993,0.3363594,0.44033337,0.4399171
182,0.6184754,0.64658034,0.43708533,0.2802596,0.5127599,0.38889486,0.40114418,0.4600942,0.41031176,0.36098462,0.3454515,0.3821729,0.39060557,0.41924486,0.5013857,0.28758928,0.43798804,0.41765854,0.385141,0.49979207,0.49875432,0.7624113,0.36049756,0.4163885,0.41216525,0.38807297,0.27647164,0.29671583,0.52848375,0.25457108,0.40989998,0.3388402,0.3601338,0.45556548,0.33134785,0.4238002,0.44078746
183,0.6504052,0.63388383,0.41912353,0.27068573,0.51011294,0.41490835,0.4070216,0.43146223,0.40677214,0.37119156,0.32182896,0.36720774,0.3979399,0.42537653,0.5048719,0.31125423,0.45627755,0.41802475,0.38612163,0.4910473,0.53954774,0.7636448,0.36152226,0.41844997,0.4085442,0.38261753,0.25288177,0.28085625,0.5326191,0.25109518,0.42552495,0.29994437,0.3630939,0.43821198,0.3334807,0.40639532,0.45490795
184,0.63444906,0.6277759,0.42740336,0.2933963,0.5089831,0.39672092,0.39941353,0.45567837,0.3828076,0.38344786,0.30984142,0.35964367,0.38932058,0.4338047,0.49656808,0.31680176,0.45834017,0.41738147,0.38246897,0.4957659,0.5063831,0.7905082,0.33830872,0.42151496,0.41517988,0.38548434,0.2719831,0.2972463,0.5374011,0.25053602,0.40256912,0.28655115,0.3555789,0.45667568,0.33799863,0.4100092,0.46224892
185,0.6405679,0.63449496,0.42210308,0.28083137,0.5165014,0.42299592,0.39416173,0.4347873,0.38917682,0.38323087,0.31182253,0.36872846,0.38948855,0.44562703,0.48587644,0.28807038,0.43638304,0.42355216,0.3760641,0.47804645,0.52277863,0.78298193,0.32947323,0.42223182,0.4009996,0.38250843,0.2751883,0.27556002,0.5180581,0.24121809,0.39597788,0.28176275,0.36194044,0.4551128,0.33523774,0.4277717,0.4539862
186,0.64137226,0.66277647,0.4113747,0.2797184,0.4876774,0.40380186,0.39500844,0.44053534,0.3868735,0.34469864,0.30735952,0.38743815,0.38792622,0.4231339,0.4880061,0.289047,0.42214933,0.41789007,0.3819577,0.48679402,0.49843913,0.7429446,0.38186565,0.41112116,0.40220967,0.39246073,0.26999125,0.27964574,0.5131738,0.24470441,0.39218348,0.29499236,0.35613647,0.43355194,0.33797494,0.4283347,0.45218974
187,0.6538653,0.6565866,0.4036102,0.23585553,0.48901817,0.41820765,0.3879218,0.44012028,0.39971885,0.34563175,0.29802674,0.3568601,0.3849484,0.41191363,0.49432352,0.26487345,0.4177518,0.43563092,0.36925805,0.4574993,0.4936782,0.7492386,0.36196217,0.40767944,0.39057916,0.37028828,0.26492703,0.2775555,0.515824,0.23135504,0.3851342,0.29971212,0.33966023,0.4165766,0.32548758,0.41837204,0.46007186
188,0.6515706,0.6673429,0.394061,0.22494125,0.5140085,0.40805492,0.37907287,0.43431014,0.40616018,0.32798117,0.28056836,0.35542908,0.38484335,0.42055413,0.48397395,0.26554814,0.43080768,0.4339423,0.3608222,0.4594524,0.5116319,0.7578008,0.35967723,0.40750623,0.39950153,0.37020722,0.26013634,0.2724072,0.50323945,0.24105783,0.3722061,0.30151922,0.33131784,0.40363982,0.33574829,0.4181737,0.45533937
189,0.6311285,0.6488889,0.39258018,0.25570005,0.50970495,0.42742348,0.3887694,0.4415589,0.38230392,0.34125614,0.29785532,0.34665465,0.36858955,0.4227264,0.47952518,0.26962265,0.41958767,0.4241886,0.37252516,0.47147396,0.5083821,0.78115076,0.3301964,0.39330274,0.41793746,0.36942384,0.26463372,0.26513466,0.521003,0.23201187,0.37120348,0.28917235,0.33867842,0.41455653,0.3262655,0.4228487,0.4652023
190,0.4446087,0.6845159,0.41601276,0.28517807,0.48751125,0.38870737,0.41396332,0.43889642,0.36077276,0.3226126,0.33130506,0.32693127,0.35531783,0.43279323,0.45318907,0.28813675,0.4599676,0.39102635,0.43001,0.46383828,0.47077575,0.7969885,0.3369557,0.37881833,0.4487105,0.43506444,0.2839698,0.31396094,0.49362814,0.29246527,0.38651794,0.35979545,0.36624184,0.4357043,0.3330222,0.38383543,0.42332295
191,0.4411498,0.66239774,0.38801557,0.20159505,0.47456142,0.3871728,0.35517186,0.4505099,0.41228858,0.32675692,0.32507688,0.32055795,0.3811074,0.44155914,0.45868248,0.30526543,0.48515138,0.41181067,0.40363356,0.47607547,0.45887664,0.8053183,0.30567783,0.37566796,0.44928947,0.4278655,0.27073684,0.29726627,0.48339942,0.2748907,0.3781045,0.33967537,0.35728753,0.43904218,0.32459778,0.4068261,0.48044124
192,0.43187186,0.6886205,0.3912537,0.18827085,0.4558486,0.4315029,0.34584486,0.43125814,0.404319,0.36352044,0.28214443,0.3275762,0.40953305,0.4383124,0.41826737,0.2708112,0.5071238,0.40765372,0.40266857,0.46084356,0.45574993,0.81445414,0.29828689,0.35534722,0.39953026,0.43090138,0.26702717,0.261415,0.45745137,0.25678024,0.3530714,0.28403917,0.35665184,0.44130686,0.36783808,0.3614884,0.5040869
193,0.357042,0.7024288,0.42768952,0.211496,0.47394702,0.40045556,0.3646967,0.42338857,0.41399768,0.3431142,0.30254295,0.3033912,0.4013663,0.42593917,0.4099562,0.30448145,0.4984318,0.3460438,0.4366187,0.42844462,0.45691547,0.80684036,0.31020606,0.3605513,0.42361,0.43348023,0.29117215,0.2939602,0.4743119,0.297136,0.38488385,0.29479092,0.37768185,0.4409229,0.35201442,0.37731466,0.48398075
194,0.41079673,0.7378074,0.41002044,0.25645962,0.4697856,0.38202834,0.3883712,0.45677704,0.41067404,0.3090162,0.29230684,0.31118697,0.42925686,0.4027886,0.43165407,0.314581,0.44187638,0.35879079,0.3961069,0.3995919,0.43054634,0.6846168,0.4280823,0.4162609,0.3916835,0.434772,0.3293119,0.30557904,0.48868605,0.33488172,0.40771958,0.3154608,0.40257043,0.3913557,0.3463627,0.42881775,0.41760936
195,0.31662694,0.7157341,0.39833316,0.2467291,0.5092844,0.41377312,0.35442474,0.49116576,0.45630732,0.40369964,0.34113163,0.35242316,0.4139109,0.45239103,0.43777356,0.28752294,0.47467732,0.40679124,0.4788856,0.44497484,0.5047143,0.8041762,0.29589546,0.3991373,0.4000763,0.40016493,0.3613853,0.2957686,0.50294185,0.3300845,0.37121496,0.33321658,0.4176734,0.4411585,0.39617673,0.32949045,0.48157054
196,0.27502194,0.70345336,0.3599883,0.21674663,0.49631518,0.38505107,0.3480782,0.5006111,0.42994893,0.39780003,0.39289534,0.33821514,0.39360318,0.46498385,0.46991095,0.28422743,0.50633895,0.4018017,0.421066,0.4476098,0.57323134,0.83007675,0.30234408,0.40873224,0.39468297,0.45801786,0.28793207,0.28938392,0.54087514,0.30352452,0.40310863,0.3132448,0.42500132,0.49193883,0.35180894,0.3298576,0.46962202
197,0.31862733,0.63518405,0.40851903,0.27237043,0.46197066,0.39729398,0.3803806,0.47916284,0.48411807,0.3759516,0.35329768,0.3382033,0.43469575,0.45123342,0.5080943,0.31589603,0.52669644,0.40774968,0.44323632,0.4735107,0.4895659,0.7479757,0.33468533,0.44965142,0.43792045,0.49176154,0.31515372,0.2718008,0.53069067,0.32448143,0.42090213,0.32288536,0.4889191,0.48921257,0.34057888,0.4053481,0.46872583
198,0.29949415,0.63328993,0.40369275,0.2980119,0.45965135,0.38338682,0.3730003,0.51046175,0.4682532,0.31801507,0.37117797,0.3342622,0.42136356,0.5102002,0.51394767,0.30531964,0.5160215,0.45891103,0.4793656,0.46603793,0.5014573,0.76336116,0.28699243,0.42476514,0.37705508,0.42029336,0.2873961,0.28641656,0.5322575,0.30039993,0.3819826,0.3633392,0.41676816,0.4630178,0.32656103,0.43871096,0.5107494
199,0.28500342,0.5805711,0.4212037,0.3548633,0.4851583,0.3871034,0.3839064,0.5045271,0.45224229,0.3885154,0.34174114,0.3737761,0.40682346,0.495696,0.5346461,0.34127718,0.48848003,0.49732703,0.458968,0.4458315,0.5218848,0.74022794,0.31375167,0.43527845,0.41231042,0.4216974,0.31883442,0.346321,0.51784086,0.319512,0.4146723,0.3939014,0.41129345,0.44749695,0.36080244,0.447699,0.4898614
200,0.23014002,0.5890494,0.4316984,0.35355246,0.47592443,0.3891578,0.382826,0.46861178,0.4382599,0.40608248,0.33194265,0.35289714,0.39375287,0.46746984,0.4574193,0.33195302,0.46719646,0.47108495,0.43531042,0.42719293,0.4642785,0.8154902,0.29637107,0.40825284,0.4576051,0.39848125,0.30893475,0.32997027,0.53821117,0.30186906,0.37271675,0.33358738,0.4070909,0.49746472,0.30081648,0.42387024,0.45933503
201,0.22727448,0.6275877,0.38477316,0.3161329,0.47328514,0.39945942,0.35990292,0.48173264,0.453432,0.34434673,0.3591152,0.31904805,0.365113,0.49717635,0.49432918,0.3455325,0.5139793,0.467738,0.5065599,0.45033982,0.5024502,0.84328,0.25774658,0.4011245,0.42712083,0.41018298,0.2870827,0.28979743,0.57160246,0.33618242,0.4108277,0.36492237,0.39201,0.44476506,0.32152563,0.41040117,0.45669198
202,0.23218442,0.6963959,0.38963813,0.27976346,0.48348892,0.4088512,0.34299868,0.42286786,0.43847257,0.35400048,0.3660867,0.32741225,0.4179007,0.47182474,0.43578994,0.3029429,0.5061187,0.44801027,0.4757206,0.38997743,0.49945945,0.8287587,0.33960298,0.36605808,0.41210362,0.41590613,0.2821134,0.26924682,0.5785457,0.30222192,0.41882962,0.28692505,0.3883584,0.46817452,0.31769174,0.39734894,0.4103361
203,0.23845217,0.591061,0.4304698,0.29520524,0.4417527,0.40517896,0.34147665,0.46415672,0.44606146,0.38439277,0.36686254,0.31952226,0.38012522,0.48838845,0.46599278,0.2935149,0.4694744,0.47297516,0.4437688,0.43216383,0.48320806,0.85536045,0.2848289,0.44285902,0.43112385,0.3987841,0.2945454,0.31099582,0.54244417,0.28097704,0.38099346,0.32577866,0.37145612,0.47893426,0.30255267,0.4050732,0.45091704
204,0.25490117,0.530504,0.4415452,0.3267116,0.44608524,0.43590522,0.36264375,0.47841823,0.44938892,0.40238336,0.35574993,0.3398298,0.37038898,0.5118304,0.5299496,0.29771715,0.4486619,0.4795613,0.44278038,0.43401766,0.4840204,0.8437901,0.28713727,0.49105534,0.41667154,0.36636358,0.2905106,0.3460173,0.5301174,0.286868,0.3648121,0.33227068,0.39073527,0.5132307,0.30253392,0.41671038,0.45502684
205,0.26890707,0.5575078,0.4481029,0.3072309,0.48081863,0.42553496,0.37687916,0.4470696,0.45874673,0.41066653,0.32823825,0.33529317,0.38242817,0.46005318,0.49288246,0.30129695,0.44621885,0.43401217,0.42934236,0.41080466,0.5056464,0.8253523,0.3147616,0.44998848,0.43603125,0.37342715,0.32727745,0.3541064,0.5048517,0.289186,0.3933755,0.34891507,0.39118862,0.48499066,0.32306314,0.38060373,0.45365092
206,0.22379184,0.6510332,0.4487357,0.2858701,0.46456894,0.45384043,0.36643168,0.3837856,0.43410704,0.3706348,0.2973118,0.28663352,0.40874383,0.4810252,0.44072926,0.31204224,0.42722905,0.42654943,0.38250792,0.3509288,0.51081526,0.8078127,0.33654124,0.41099507,0.33751008,0.40030596,0.32962972,0.31217483,0.5689852,0.27968004,0.41767925,0.27810302,0.41537946,0.46615404,0.28453365,0.39047465,0.44846922
207,0.24225375,0.5822985,0.44215858,0.3190699,0.48449475,0.42619532,0.35924926,0.39756,0.43459404,0.41634056,0.31221727,0.3489006,0.40610853,0.473772,0.49102384,0.33341277,0.42158428,0.43061006,0.4535952,0.36666837,0.4799033,0.80577636,0.32460383,0.4200513,0.4375212,0.36444107,0.3425736,0.32124916,0.5161934,0.3065674,0.41716403,0.31578544,0.40794677,0.53607893,0.29457968,0.39136305,0.4235878
208,0.27314112,0.58491945,0.43965855,0.32634214,0.46479052,0.42498246,0.39858755,0.41023186,0.46633986,0.42334542,0.31992507,0.3232541,0.40979385,0.46208265,0.46769473,0.33355278,0.44447288,0.4362314,0.42998806,0.4014833,0.52616954,0.7772946,0.34550005,0.41015315,0.4271108,0.38341954,0.36699662,0.34056982,0.517917,0.3172737,0.39941838,0.30872807,0.40758562,0.52743745,0.3574844,0.401829,0.41279498
209,0.27620277,0.6019955,0.41927493,0.33650172,0.47034064,0.4330771,0.37322983,0.40226334,0.4204132,0.4051605,0.3020625,0.3336341,0.41758692,0.45510915,0.4378195,0.29893488,0.45061824,0.41831237,0.41192675,0.38373208,0.50198394,0.7973177,0.33671793,0.4098867,0.41488442,0.37680873,0.37532425,0.31699723,0.49767637,0.3020214,0.38192838,0.2786332,0.38672462,0.52354556,0.33712542,0.39973834,0.4535424
210,0.35599968,0.68973494,0.3219232,0.2930015,0.46561554,0.43791294,0.4112915,0.38665104,0.40118307,0.4027506,0.295909,0.3585428,0.43224874,0.4273423,0.42266893,0.34925523,0.45044953,0.37124696,0.36017746,0.3752082,0.48905158,0.5560683,0.57390344,0.4037307,0.40125638,0.35275126,0.35477188,0.30735776,0.5069896,0.34985337,0.38272515,0.3223742,0.39459825,0.5085174,0.33548757,0.41193232,0.44331113
211,0.32797194,0.51177865,0.44096586,0.46627396,0.44932845,0.39330253,0.43199897,0.41729847,0.42733324,0.43530095,0.31714353,0.32742321,0.40827072,0.5236816,0.48340476,0.30046493,0.45227444,0.42764387,0.45422754,0.3996563,0.46331653,0.77357656,0.28472936,0.46539867,0.43813464,0.34739774,0.35971868,0.3412714,0.51591957,0.28203195,0.3862844,0.32402247,0.37309334,0.45835805,0.33029923,0.40333855,0.45881307
212,0.2894972,0.52200246,0.4547019,0.4215612,0.4544643,0.4233209,0.44879016,0.40524536,0.4190545,0.42803365,0.2912309,0.30982703,0.37904826,0.5235042,0.44895974,0.27480698,0.46100107,0.4100538,0.46298406,0.3884423,0.44050476,0.7900105,0.31318554,0.45303696,0.4179556,0.3329987,0.3383556,0.33094627,0.5343976,0.28676745,0.39224577,0.35145777,0.36898562,0.47730595,0.3233532,0.41278058,0.46838665
213,0.31260386,0.48169708,0.39382175,0.4560951,0.4510896,0.43362358,0.463639,0.39752698,0.4494705,0.42390814,0.29638892,0.36606935,0.3803268,0.5228634,0.4315217,0.30880976,0.46181703,0.40468016,0.46980995,0.39679733,0.42882922,0.7313694,0.36642915,0.45015326,0.43329766,0.36462787,0.33167985,0.36059487,0.53801244,0.30694315,0.39013928,0.32778332,0.38291004,0.4755548,0.3107168,0.40332296,0.43208754
214,0.34306654,0.4021363,0.42532876,0.5219624,0.4591595,0.4091587,0.49276733,0.42845443,0.47184607,0.4189067,0.26874954,0.37377977,0.41830933,0.52795064,0.48374012,0.32630387,0.4782731,0.40507433,0.49285913,0.41436982,0.4466788,0.65959334,0.35256454,0.42388692,0.43256724,0.36152557,0.35004166,0.33748028,0.54224616,0.279992,0.37568906,0.36093527,0.3820576,0.45867857,0.30417633,0.45294607,0.4447552
